[{"name":"always-autorepeat","description":"Always repeats the playing video again.","version":"0.0.1","excluded":false,"options":[],"dependencies":["integrations"],"compatiblePackages":[{"name":"com.google.android.youtube","versions":["18.16.37","18.19.35","18.20.39","18.23.35"]}]},{"name":"auto-claim-channel-points","description":"Automatically claim Channel Points.","version":"0.0.1","excluded":false,"options":[],"dependencies":["settings"],"compatiblePackages":[{"name":"tv.twitch.android.app","versions":["15.4.1"]}]},{"name":"background-play","description":"Enables playing music in the background.","version":"0.0.1","excluded":false,"options":[],"dependencies":[],"compatiblePackages":[{"name":"com.google.android.apps.youtube.music","versions":[]}]},{"name":"block-audio-ads","description":"Blocks audio ads in streams and VODs.","version":"0.0.1","excluded":false,"options":[],"dependencies":["integrations","settings"],"compatiblePackages":[{"name":"tv.twitch.android.app","versions":["15.4.1"]}]},{"name":"block-embedded-ads","description":"Blocks embedded stream ads using services like TTV.lol or PurpleAdBlocker.","version":"0.0.1","excluded":false,"options":[],"dependencies":["block-video-ads","integrations","settings"],"compatiblePackages":[{"name":"tv.twitch.android.app","versions":["15.4.1"]}]},{"name":"block-video-ads","description":"Blocks video ads in streams and VODs.","version":"0.0.1","excluded":false,"options":[],"dependencies":["integrations","settings"],"compatiblePackages":[{"name":"tv.twitch.android.app","versions":["15.4.1"]}]},{"name":"bypass-certificate-checks","description":"Bypasses certificate checks which prevent YouTube Music from working on Android Auto.","version":"0.0.1","excluded":false,"options":[],"dependencies":[],"compatiblePackages":[{"name":"com.google.android.apps.youtube.music","versions":[]}]},{"name":"change-oauth-client-id","description":"Changes the OAuth client ID. The OAuth application type has to be \"Installed app\" and the redirect URI has to be set to \"dbrady://relay\".","version":"0.0.0","excluded":false,"options":[{"key":"client-id","title":"OAuth client ID","description":"The Reddit OAuth client ID.","required":false,"choices":null}],"dependencies":[],"compatiblePackages":[{"name":"free.reddit.news","versions":[]},{"name":"reddit.news","versions":[]}]},{"name":"change-oauth-client-id","description":"Changes the OAuth client ID. The OAuth application type has to be \"Installed app\" and the redirect URI has to be set to \"http://rubenmayayo.com\".","version":"0.0.0","excluded":false,"options":[{"key":"client-id","title":"OAuth client ID","description":"The Reddit OAuth client ID.","required":false,"choices":null}],"dependencies":[],"compatiblePackages":[{"name":"com.rubenmayayo.reddit","versions":[]}]},{"name":"change-oauth-client-id","description":"Changes the OAuth client ID. The OAuth application type has to be \"Installed app\" and the redirect URI has to be set to \"redditisfun://auth\".","version":"0.0.0","excluded":false,"options":[{"key":"client-id","title":"OAuth client ID","description":"The Reddit OAuth client ID.","required":false,"choices":null}],"dependencies":[],"compatiblePackages":[{"name":"com.andrewshu.android.reddit","versions":[]},{"name":"com.andrewshu.android.redditdonation","versions":[]}]},{"name":"change-oauth-client-id","description":"Changes the OAuth client ID. The OAuth application type has to be \"Installed app\" and the redirect URI has to be set to \"http://baconreader.com/auth\".","version":"0.0.0","excluded":false,"options":[{"key":"client-id","title":"OAuth client ID","description":"The Reddit OAuth client ID.","required":false,"choices":null}],"dependencies":[],"compatiblePackages":[{"name":"com.onelouder.baconreader","versions":[]},{"name":"com.onelouder.baconreader.premium","versions":[]}]},{"name":"change-oauth-client-id","description":"Changes the OAuth client ID. The OAuth application type has to be \"Installed app\" and the redirect URI has to be set to \"http://www.ccrama.me\".","version":"0.0.0","excluded":false,"options":[{"key":"client-id","title":"OAuth client ID","description":"The Reddit OAuth client ID.","required":false,"choices":null}],"dependencies":[],"compatiblePackages":[{"name":"me.ccrama.redditslide","versions":[]}]},{"name":"change-oauth-client-id","description":"Changes the OAuth client ID. The OAuth application type has to be \"Installed app\" and the redirect URI has to be set to \"infinity://localhost\".","version":"0.0.0","excluded":false,"options":[{"key":"client-id","title":"OAuth client ID","description":"The Reddit OAuth client ID.","required":false,"choices":null}],"dependencies":[],"compatiblePackages":[{"name":"ml.docilealligator.infinityforreddit","versions":[]}]},{"name":"change-oauth-client-id","description":"Changes the OAuth client ID. The OAuth application type has to be \"Installed app\" and the redirect URI has to be set to \"http://redditsync/auth\".","version":"0.0.0","excluded":false,"options":[{"key":"client-id","title":"OAuth client ID","description":"The Reddit OAuth client ID.","required":false,"choices":null}],"dependencies":[],"compatiblePackages":[{"name":"com.laurencedawson.reddit_sync","versions":[]},{"name":"com.laurencedawson.reddit_sync.pro","versions":[]},{"name":"com.laurencedawson.reddit_sync.dev","versions":[]}]},{"name":"change-package-name","description":"Changes the package name.","version":"0.0.1","excluded":true,"options":[{"key":"packageName","title":"Package name","description":"The name of the package to rename of the app.","required":false,"choices":null}],"dependencies":[],"compatiblePackages":[]},{"name":"client-spoof","description":"Spoofs a patched client to allow playback.","version":"0.0.1","excluded":false,"options":[],"dependencies":["spoof-signature-verification"],"compatiblePackages":[{"name":"com.google.android.youtube","versions":["18.16.37","18.19.35","18.20.39","18.23.35"]}]},{"name":"codecs-unlock","description":"Adds more audio codec options. The new audio codecs usually result in better audio quality.","version":"0.0.1","excluded":false,"options":[],"dependencies":[],"compatiblePackages":[{"name":"com.google.android.apps.youtube.music","versions":[]}]},{"name":"comments","description":"Hides components related to comments.","version":"0.0.1","excluded":false,"options":[],"dependencies":["settings","LithoFilterPatch"],"compatiblePackages":[{"name":"com.google.android.youtube","versions":["18.16.37","18.19.35","18.20.39","18.23.35"]}]},{"name":"compact-header","description":"Hides the music category bar at the top of the homepage.","version":"0.0.1","excluded":true,"options":[],"dependencies":[],"compatiblePackages":[{"name":"com.google.android.apps.youtube.music","versions":[]}]},{"name":"copy-video-url","description":"Adds buttons in player to copy video links.","version":"0.0.1","excluded":false,"options":[],"dependencies":["copy-video-url-resource","player-controls-bytecode-patch","video-information"],"compatiblePackages":[{"name":"com.google.android.youtube","versions":["18.16.37","18.19.35","18.20.39","18.23.35"]}]},{"name":"custom-branding","description":"Changes the YouTube launcher icon and name to your choice (defaults to ReVanced).","version":"0.0.1","excluded":false,"options":[{"key":"appName","title":"Application Name","description":"The name of the application it will show on your home screen.","required":true,"choices":null},{"key":"iconPath","title":"App Icon Path","description":"A path containing mipmap resource folders with icons.","required":false,"choices":null}],"dependencies":[],"compatiblePackages":[{"name":"com.google.android.youtube","versions":[]}]},{"name":"custom-video-buffer","description":"Lets you change the buffers of videos.","version":"0.0.1","excluded":true,"options":[],"dependencies":["settings"],"compatiblePackages":[{"name":"com.google.android.youtube","versions":["18.16.37","18.19.35","18.20.39","18.23.35"]}]},{"name":"debug-mode","description":"Enables Twitch\u0027s internal debugging mode.","version":"0.0.1","excluded":true,"options":[],"dependencies":["integrations","settings"],"compatiblePackages":[{"name":"tv.twitch.android.app","versions":[]}]},{"name":"disable-ads","description":"Disables ads in HexEditor.","version":"0.0.1","excluded":false,"options":[],"dependencies":[],"compatiblePackages":[{"name":"com.myprog.hexedit","versions":[]}]},{"name":"disable-ads","description":"Disables ads.","version":"0.0.1","excluded":false,"options":[],"dependencies":["DisablePiracyDetectionPatch"],"compatiblePackages":[{"name":"com.laurencedawson.reddit_sync","versions":[]}]},{"name":"disable-auto-captions","description":"Disable forced captions from being automatically enabled.","version":"0.0.1","excluded":false,"options":[],"dependencies":["integrations","settings"],"compatiblePackages":[{"name":"com.google.android.youtube","versions":["18.16.37","18.19.35","18.20.39","18.23.35"]}]},{"name":"disable-fullscreen-panels","description":"Disables video description and comments panel in fullscreen view.","version":"0.0.1","excluded":false,"options":[],"dependencies":["integrations","settings"],"compatiblePackages":[{"name":"com.google.android.youtube","versions":["18.16.37","18.19.35","18.20.39","18.23.35"]}]},{"name":"disable-login-requirement","description":"Do not force login.","version":"0.0.1","excluded":false,"options":[],"dependencies":[],"compatiblePackages":[{"name":"com.ss.android.ugc.trill","versions":[]},{"name":"com.zhiliaoapp.musically","versions":[]}]},{"name":"disable-player-popup-panels","description":"Disables panels from appearing automatically when going into fullscreen (playlist or live chat).","version":"0.0.1","excluded":false,"options":[],"dependencies":["integrations","settings"],"compatiblePackages":[{"name":"com.google.android.youtube","versions":["18.16.37","18.19.35","18.20.39","18.23.35"]}]},{"name":"disable-screenshot-popup","description":"Disables the popup that shows up when taking a screenshot.","version":"0.0.1","excluded":false,"options":[],"dependencies":[],"compatiblePackages":[{"name":"com.reddit.frontpage","versions":[]}]},{"name":"disable-shorts-on-startup","description":"Disables playing YouTube Shorts when launching YouTube.","version":"0.0.1","excluded":false,"options":[],"dependencies":["integrations","settings"],"compatiblePackages":[{"name":"com.google.android.youtube","versions":["18.16.37","18.19.35","18.20.39","18.23.35"]}]},{"name":"disable-switching-emoji-to-sticker-in-message-input-field","description":"Disables switching from emoji to sticker search mode in message input field","version":"0.0.1","excluded":false,"options":[],"dependencies":[],"compatiblePackages":[{"name":"com.facebook.orca","versions":[]}]},{"name":"disable-typing-indicator","description":"Disables the indicator while typing a message","version":"0.0.1","excluded":false,"options":[],"dependencies":[],"compatiblePackages":[{"name":"com.facebook.orca","versions":[]}]},{"name":"disable-zoom-haptics","description":"Disables haptics when zooming.","version":"0.0.1","excluded":false,"options":[],"dependencies":["settings"],"compatiblePackages":[{"name":"com.google.android.youtube","versions":[]}]},{"name":"downloads","description":"Removes download restrictions and changes the default path to download to.","version":"0.0.1","excluded":false,"options":[],"dependencies":["integrations","settings"],"compatiblePackages":[{"name":"com.ss.android.ugc.trill","versions":[]},{"name":"com.zhiliaoapp.musically","versions":[]}]},{"name":"dynamic-color","description":"Replaces the default Twitter Blue with the users Material You palette.","version":"0.0.1","excluded":false,"options":[],"dependencies":[],"compatiblePackages":[{"name":"com.twitter.android","versions":[]}]},{"name":"enable-android-debugging","description":"Enables Android debugging capabilities.","version":"0.0.1","excluded":true,"options":[],"dependencies":[],"compatiblePackages":[]},{"name":"enable-debugging","description":"Adds debugging options.","version":"0.0.2","excluded":false,"options":[],"dependencies":["integrations","settings"],"compatiblePackages":[{"name":"com.google.android.youtube","versions":[]}]},{"name":"enable-on-demand","description":"Enables listening to songs on-demand, allowing to play any song from playlists, albums or artists without limitations. This does not remove ads.","version":"0.0.1","excluded":false,"options":[],"dependencies":[],"compatiblePackages":[{"name":"com.spotify.lite","versions":[]}]},{"name":"exclusive-audio-playback","description":"Enables the option to play music without video.","version":"0.0.1","excluded":false,"options":[],"dependencies":[],"compatiblePackages":[{"name":"com.google.android.apps.youtube.music","versions":[]}]},{"name":"export-all-activities","description":"Makes all app activities exportable.","version":"0.0.1","excluded":true,"options":[],"dependencies":[],"compatiblePackages":[]},{"name":"external-downloads","description":"Adds support to download and save YouTube videos using an external app.","version":"0.0.1","excluded":false,"options":[],"dependencies":["external-downloads-resource-patch","player-controls-bytecode-patch","video-information"],"compatiblePackages":[{"name":"com.google.android.youtube","versions":["18.16.37","18.19.35","18.20.39","18.23.35"]}]},{"name":"feed-filter","description":"Filters tiktok videos: removing ads, removing livestreams.","version":"0.0.1","excluded":false,"options":[],"dependencies":["integrations","settings"],"compatiblePackages":[{"name":"com.ss.android.ugc.trill","versions":[]},{"name":"com.zhiliaoapp.musically","versions":[]}]},{"name":"fix-google-login","description":"Allows logging in with a Google account.","version":"0.0.1","excluded":false,"options":[],"dependencies":[],"compatiblePackages":[{"name":"com.ss.android.ugc.trill","versions":[]},{"name":"com.zhiliaoapp.musically","versions":[]}]},{"name":"hdr-auto-brightness","description":"Makes the brightness of HDR videos follow the system default.","version":"0.0.2","excluded":false,"options":[],"dependencies":["integrations","settings"],"compatiblePackages":[{"name":"com.google.android.youtube","versions":["18.16.37","18.19.35","18.20.39","18.23.35"]}]},{"name":"hide-ads","description":"Removes ads from Inshorts.","version":"0.0.1","excluded":false,"options":[],"dependencies":[],"compatiblePackages":[{"name":"com.nis.app","versions":[]}]},{"name":"hide-ads","description":"Removes ads from TikTok.","version":"0.0.1","excluded":false,"options":[],"dependencies":[],"compatiblePackages":[{"name":"com.ss.android.ugc.trill","versions":[]},{"name":"com.zhiliaoapp.musically","versions":[]}]},{"name":"hide-ads","description":"Hides ads.","version":"0.0.1","excluded":false,"options":[],"dependencies":[],"compatiblePackages":[{"name":"jp.pxv.android","versions":[]}]},{"name":"hide-ads","description":"Removes general ads.","version":"0.0.1","excluded":false,"options":[],"dependencies":["VerticalScrollPatch"],"compatiblePackages":[{"name":"com.vanced.android.youtube","versions":[]}]},{"name":"hide-ads","description":"Hides ads.","version":"0.0.1","excluded":false,"options":[],"dependencies":["json-hook"],"compatiblePackages":[{"name":"com.twitter.android","versions":[]}]},{"name":"hide-ads","description":"Removes general ads.","version":"0.0.1","excluded":false,"options":[],"dependencies":["hide-get-premium","HideAdsResourcePatch","VerticalScrollPatch","FixBackToExitGesturePatch"],"compatiblePackages":[{"name":"com.google.android.youtube","versions":["18.16.37","18.19.35","18.20.39","18.23.35"]}]},{"name":"hide-ads","description":"Removes ads from the Reddit.","version":"0.0.2","excluded":false,"options":[],"dependencies":["hide-subreddit-banner","hide-comment-ads"],"compatiblePackages":[{"name":"com.reddit.frontpage","versions":[]}]},{"name":"hide-album-cards","description":"Hides the album cards below the artist description.","version":"0.0.1","excluded":false,"options":[],"dependencies":["integrations","hide-album-cards-resource-patch"],"compatiblePackages":[{"name":"com.google.android.youtube","versions":["18.16.37","18.19.35","18.20.39","18.23.35"]}]},{"name":"hide-autoplay-button","description":"Hides the autoplay button in the video player.","version":"0.0.1","excluded":false,"options":[],"dependencies":["integrations","settings","resource-mapping"],"compatiblePackages":[{"name":"com.google.android.youtube","versions":["18.16.37","18.19.35","18.20.39","18.23.35"]}]},{"name":"hide-breaking-news-shelf","description":"Hides the breaking news shelf on the homepage tab.","version":"0.0.1","excluded":false,"options":[],"dependencies":["integrations","breaking-news-shelf-resource-patch"],"compatiblePackages":[{"name":"com.google.android.youtube","versions":["18.16.37","18.19.35","18.20.39","18.23.35"]}]},{"name":"hide-captions-button","description":"Hides the captions button on video player.","version":"0.0.1","excluded":false,"options":[],"dependencies":["integrations","settings"],"compatiblePackages":[{"name":"com.google.android.youtube","versions":["18.16.37","18.19.35","18.20.39","18.23.35"]}]},{"name":"hide-cast-button","description":"Hides the cast button in the video player.","version":"0.0.1","excluded":false,"options":[],"dependencies":["integrations","settings"],"compatiblePackages":[{"name":"com.google.android.youtube","versions":[]}]},{"name":"hide-crowdfunding-box","description":"Hides the crowdfunding box between the player and video description.","version":"0.0.1","excluded":false,"options":[],"dependencies":["integrations","crowdfunding-box-resource-patch"],"compatiblePackages":[{"name":"com.google.android.youtube","versions":["18.16.37","18.19.35","18.20.39","18.23.35"]}]},{"name":"hide-email-address","description":"Hides the email address in the account switcher.","version":"0.0.1","excluded":false,"options":[],"dependencies":["integrations","hide-email-address-resource-patch"],"compatiblePackages":[{"name":"com.google.android.youtube","versions":["18.16.37","18.19.35","18.20.39","18.23.35"]}]},{"name":"hide-endscreen-cards","description":"Hides the suggested video cards at the end of a video in fullscreen.","version":"0.0.1","excluded":false,"options":[],"dependencies":["integrations","hide-endscreen-cards-resource-patch"],"compatiblePackages":[{"name":"com.google.android.youtube","versions":["18.16.37","18.19.35","18.20.39","18.23.35"]}]},{"name":"hide-filter-bar","description":"Hides the filter bar in video feeds.","version":"0.0.1","excluded":false,"options":[],"dependencies":["HideFilterBarResourcePatch"],"compatiblePackages":[{"name":"com.google.android.youtube","versions":["18.16.37","18.19.35","18.20.39","18.23.35"]}]},{"name":"hide-floating-microphone-button","description":"Hides the floating microphone button which appears in search.","version":"0.0.1","excluded":false,"options":[],"dependencies":["HideFloatingMicrophoneButtonResourcePatch"],"compatiblePackages":[{"name":"com.google.android.youtube","versions":["18.16.37","18.19.35","18.20.39","18.23.35"]}]},{"name":"hide-get-premium","description":"Removes all \"Get Premium\" evidences from the avatar menu.","version":"0.0.1","excluded":false,"options":[],"dependencies":[],"compatiblePackages":[{"name":"com.google.android.apps.youtube.music","versions":[]}]},{"name":"hide-inbox-ads","description":"Hides ads in inbox.","version":"0.0.1","excluded":false,"options":[],"dependencies":[],"compatiblePackages":[{"name":"com.facebook.orca","versions":[]}]},{"name":"hide-info-cards","description":"Hides info cards in videos.","version":"0.0.1","excluded":false,"options":[],"dependencies":["integrations","HideInfocardsResourcePatch"],"compatiblePackages":[{"name":"com.google.android.youtube","versions":["18.16.37","18.19.35","18.20.39","18.23.35"]}]},{"name":"hide-layout-components","description":"Hides general layout components.","version":"0.0.1","excluded":false,"options":[],"dependencies":["LithoFilterPatch","settings"],"compatiblePackages":[{"name":"com.google.android.youtube","versions":["18.16.37","18.19.35","18.20.39","18.23.35"]}]},{"name":"hide-load-more-button","description":"Hides the button under videos that loads similar videos.","version":"0.0.1","excluded":false,"options":[],"dependencies":["hide-load-more-button-resource-patch"],"compatiblePackages":[{"name":"com.google.android.youtube","versions":["18.16.37","18.19.35","18.20.39","18.23.35"]}]},{"name":"hide-player-buttons","description":"Adds the option to hide video player previous and next buttons.","version":"0.0.1","excluded":false,"options":[],"dependencies":["integrations","settings"],"compatiblePackages":[{"name":"com.google.android.youtube","versions":["18.16.37","18.19.35","18.20.39","18.23.35"]}]},{"name":"hide-player-overlay","description":"Hides the dark background overlay from the player when player controls are visible.","version":"0.0.2","excluded":false,"options":[],"dependencies":["HidePlayerOverlayResourcePatch"],"compatiblePackages":[{"name":"com.google.android.youtube","versions":[]}]},{"name":"hide-premium-navbar","description":"Removes the premium tab from the navbar.","version":"0.0.1","excluded":false,"options":[],"dependencies":["resource-mapping"],"compatiblePackages":[{"name":"com.spotify.music","versions":[]}]},{"name":"hide-recommended-users","description":"Hides recommended users.","version":"0.0.1","excluded":false,"options":[],"dependencies":["json-hook"],"compatiblePackages":[{"name":"com.twitter.android","versions":[]}]},{"name":"hide-seekbar","description":"Hides the seekbar.","version":"0.0.1","excluded":false,"options":[],"dependencies":["integrations","settings","SeekbarColorBytecodePatch","SeekbarPreferencesPatch"],"compatiblePackages":[{"name":"com.google.android.youtube","versions":["18.16.37","18.19.35","18.20.39","18.23.35"]}]},{"name":"hide-shorts-components","description":"Hides components from YouTube Shorts.","version":"0.0.1","excluded":false,"options":[],"dependencies":["integrations","LithoFilterPatch","HideShortsComponentsResourcePatch","resource-mapping"],"compatiblePackages":[{"name":"com.google.android.youtube","versions":["18.16.37","18.19.35","18.20.39","18.23.35"]}]},{"name":"hide-timeline-ads","description":"Removes ads from the timeline.","version":"0.0.1","excluded":false,"options":[],"dependencies":[],"compatiblePackages":[{"name":"com.instagram.android","versions":["275.0.0.27.98"]}]},{"name":"hide-timestamp","description":"Hides timestamp in video player.","version":"0.0.1","excluded":false,"options":[],"dependencies":["integrations","settings"],"compatiblePackages":[{"name":"com.google.android.youtube","versions":["18.16.37","18.19.35","18.20.39","18.23.35"]}]},{"name":"hide-video-action-buttons","description":"Adds the options to hide action buttons under a video.","version":"0.0.1","excluded":false,"options":[],"dependencies":["resource-mapping","LithoFilterPatch"],"compatiblePackages":[{"name":"com.google.android.youtube","versions":["18.16.37","18.19.35","18.20.39","18.23.35"]}]},{"name":"hide-views-stats","description":"Hides the view stats under tweets.","version":"0.0.1","excluded":false,"options":[],"dependencies":["HideViewsBytecodePatch"],"compatiblePackages":[{"name":"com.twitter.android","versions":["9.69.1-release.0","9.71.0-release.0"]}]},{"name":"hide-watch-in-vr","description":"Hides the option to watch in VR from the player settings flyout panel.","version":"0.0.1","excluded":false,"options":[],"dependencies":["integrations","settings"],"compatiblePackages":[{"name":"com.google.android.youtube","versions":["18.16.37","18.19.35","18.20.39","18.23.35"]}]},{"name":"hide-watermark","description":"Hides creator\u0027s watermarks on videos.","version":"0.0.1","excluded":false,"options":[],"dependencies":["integrations","settings"],"compatiblePackages":[{"name":"com.google.android.youtube","versions":["18.16.37","18.19.35","18.20.39","18.23.35"]}]},{"name":"minimized-playback","description":"Enables minimized and background playback.","version":"0.0.1","excluded":false,"options":[],"dependencies":["integrations","player-type-hook","settings"],"compatiblePackages":[{"name":"com.google.android.youtube","versions":["18.16.37","18.19.35","18.20.39","18.23.35"]}]},{"name":"minimized-playback-music","description":"Enables minimized playback on Kids music.","version":"0.0.1","excluded":false,"options":[],"dependencies":[],"compatiblePackages":[{"name":"com.google.android.apps.youtube.music","versions":[]}]},{"name":"music-video-ads","description":"Removes ads in the music player.","version":"0.0.1","excluded":false,"options":[],"dependencies":[],"compatiblePackages":[{"name":"com.google.android.apps.youtube.music","versions":[]}]},{"name":"navigation-buttons","description":"Adds options to hide or change navigation buttons.","version":"0.0.1","excluded":false,"options":[],"dependencies":["integrations","settings","ResolvePivotBarFingerprintsPatch"],"compatiblePackages":[{"name":"com.google.android.youtube","versions":["18.16.37","18.19.35","18.20.39","18.23.35"]}]},{"name":"old-video-quality-menu","description":"Shows the old video quality with the advanced video quality options instead of the new one.","version":"0.0.1","excluded":false,"options":[],"dependencies":["integrations","OldVideoQualityMenuResourcePatch","LithoFilterPatch","BottomSheetHookPatch"],"compatiblePackages":[{"name":"com.google.android.youtube","versions":["18.20.39","18.23.35"]}]},{"name":"open-links-externally","description":"Open links outside of the app directly in your browser.","version":"0.0.1","excluded":false,"options":[],"dependencies":[],"compatiblePackages":[{"name":"com.google.android.youtube","versions":["18.16.37","18.19.35","18.20.39","18.23.35"]}]},{"name":"playback-speed","description":"Enables the playback speed option for all videos.","version":"0.0.1","excluded":false,"options":[],"dependencies":[],"compatiblePackages":[{"name":"com.ss.android.ugc.trill","versions":[]},{"name":"com.zhiliaoapp.musically","versions":[]}]},{"name":"predictive-back-gesture","description":"Enables the predictive back gesture introduced on Android 13.","version":"0.0.1","excluded":true,"options":[],"dependencies":[],"compatiblePackages":[]},{"name":"premium-heading","description":"Shows premium branding on the home screen.","version":"0.0.1","excluded":false,"options":[],"dependencies":[],"compatiblePackages":[{"name":"com.google.android.youtube","versions":[]}]},{"name":"premium-icon-reddit","description":"Unlocks premium Reddit app icons.","version":"0.0.1","excluded":false,"options":[],"dependencies":[],"compatiblePackages":[{"name":"com.reddit.frontpage","versions":[]}]},{"name":"pro-unlock","description":"Unlocks pro-only functions.","version":"0.0.1","excluded":false,"options":[],"dependencies":[],"compatiblePackages":[{"name":"com.backdrops.wallpapers","versions":["4.52"]}]},{"name":"promo-code-unlock","description":"Disables the validation of promo code. Any code will work to unlock all features.","version":"0.0.1","excluded":false,"options":[],"dependencies":["spoof-cert-patch"],"compatiblePackages":[{"name":"de.dwd.warnapp","versions":[]}]},{"name":"remember-video-quality","description":"Adds the ability to remember the video quality you chose in the video quality flyout.","version":"0.0.1","excluded":false,"options":[],"dependencies":["integrations","video-information","settings"],"compatiblePackages":[{"name":"com.google.android.youtube","versions":["18.19.35","18.20.39","18.23.35"]}]},{"name":"remove-ads","description":"Removes all ads from the app.","version":"0.0.1","excluded":false,"options":[],"dependencies":[],"compatiblePackages":[{"name":"net.binarymode.android.irplus","versions":[]}]},{"name":"remove-badge-tab","description":"Removes the badge tab from the activity tab.","version":"0.0.1","excluded":false,"options":[],"dependencies":[],"compatiblePackages":[{"name":"com.sony.songpal.mdr","versions":[]}]},{"name":"remove-bootloader-detection","description":"Removes the check for an unlocked bootloader.","version":"0.0.1","excluded":false,"options":[],"dependencies":[],"compatiblePackages":[{"name":"at.gv.bmf.bmf2go","versions":[]}]},{"name":"remove-broadcasts-restriction","description":"Enables starting/stopping NetGuard via broadcasts.","version":"0.0.1","excluded":true,"options":[],"dependencies":[],"compatiblePackages":[{"name":"eu.faircode.netguard","versions":[]}]},{"name":"remove-debugging-detection","description":"Removes the USB and wireless debugging checks.","version":"0.0.1","excluded":true,"options":[],"dependencies":[],"compatiblePackages":[{"name":"com.scb.phone","versions":[]}]},{"name":"remove-device-restrictions","description":"Removes restrictions from using the app on any device.","version":"0.0.1","excluded":false,"options":[],"dependencies":[],"compatiblePackages":[{"name":"com.google.android.apps.recorder","versions":[]}]},{"name":"remove-notification-badge","description":"Removes the red notification badge from the activity tab.","version":"0.0.1","excluded":false,"options":[],"dependencies":[],"compatiblePackages":[{"name":"com.sony.songpal.mdr","versions":[]}]},{"name":"remove-player-controls-background","description":"Removes the background from the video player controls.","version":"0.0.1","excluded":true,"options":[],"dependencies":[],"compatiblePackages":[{"name":"com.google.android.youtube","versions":["18.16.37","18.19.35","18.20.39","18.23.35"]}]},{"name":"remove-root-detection","description":"Removes the check for root permissions.","version":"0.0.1","excluded":false,"options":[],"dependencies":[],"compatiblePackages":[{"name":"at.gv.bmf.bmf2go","versions":[]}]},{"name":"remove-root-detection","description":"Removes the check for root permissions and unlocked bootloader.","version":"0.0.1","excluded":false,"options":[],"dependencies":[],"compatiblePackages":[{"name":"at.gv.oe.app","versions":[]}]},{"name":"remove-screen-capture-restriction","description":"Removes the restriction of capturing audio from apps that normally wouldn\u0027t allow it.","version":"0.0.1","excluded":true,"options":[],"dependencies":["remove-screen-capture-restriction-resource-patch"],"compatiblePackages":[]},{"name":"remove-screenshot-restriction","description":"Removes the restriction of taking screenshots in apps that normally wouldn\u0027t allow it.","version":"0.0.1","excluded":true,"options":[],"dependencies":[],"compatiblePackages":[]},{"name":"return-youtube-dislike","description":"Shows the dislike count of videos using the Return YouTube Dislike API.","version":"0.0.1","excluded":false,"options":[],"dependencies":["integrations","video-id-hook","return-youtube-dislike-resource-patch","player-type-hook"],"compatiblePackages":[{"name":"com.google.android.youtube","versions":["18.16.37","18.19.35","18.20.39","18.23.35"]}]},{"name":"sanitize-sharing-links","description":"Removes (tracking) query parameters from the URLs when sharing links.","version":"0.0.1","excluded":false,"options":[],"dependencies":[],"compatiblePackages":[{"name":"com.reddit.frontpage","versions":[]}]},{"name":"seekbar-tapping","description":"Enables tap-to-seek on the seekbar of the video player.","version":"0.0.1","excluded":false,"options":[],"dependencies":["integrations","EnableSeekbarTappingResourcePatch"],"compatiblePackages":[{"name":"com.google.android.youtube","versions":["18.16.37","18.19.35","18.20.39","18.23.35"]}]},{"name":"settings","description":"Adds ReVanced settings to TikTok.","version":"0.0.1","excluded":false,"options":[],"dependencies":["integrations"],"compatiblePackages":[{"name":"com.ss.android.ugc.trill","versions":[]},{"name":"com.zhiliaoapp.musically","versions":[]}]},{"name":"settings","description":"Adds settings menu to Twitch.","version":"0.0.1","excluded":false,"options":[],"dependencies":["integrations","settings-resource-patch"],"compatiblePackages":[{"name":"tv.twitch.android.app","versions":[]}]},{"name":"show-deleted-messages","description":"Shows deleted chat messages behind a clickable spoiler.","version":"0.0.1","excluded":false,"options":[],"dependencies":["integrations","settings"],"compatiblePackages":[{"name":"tv.twitch.android.app","versions":["15.4.1"]}]},{"name":"show-seekbar","description":"Shows progress bar for all video.","version":"0.0.1","excluded":false,"options":[],"dependencies":[],"compatiblePackages":[{"name":"com.ss.android.ugc.trill","versions":[]},{"name":"com.zhiliaoapp.musically","versions":[]}]},{"name":"sim-spoof","description":"Spoofs the information which is retrieved from the sim-card.","version":"0.0.1","excluded":true,"options":[],"dependencies":["integrations","settings"],"compatiblePackages":[{"name":"com.ss.android.ugc.trill","versions":[]},{"name":"com.zhiliaoapp.musically","versions":[]}]},{"name":"sponsorblock","description":"Integrates SponsorBlock which allows skipping video segments such as sponsored content.","version":"0.0.1","excluded":false,"options":[],"dependencies":["integrations","video-id-hook","video-information","player-type-hook","player-controls-bytecode-patch","sponsorblock-resource-patch"],"compatiblePackages":[{"name":"com.google.android.youtube","versions":["18.16.37","18.19.35","18.20.39","18.23.35"]}]},{"name":"spoof-app-version","description":"Tricks YouTube into thinking, you are running an older version of the app. One of the side effects also includes restoring the old UI.","version":"0.0.1","excluded":false,"options":[],"dependencies":["integrations","settings"],"compatiblePackages":[{"name":"com.google.android.youtube","versions":["18.16.37","18.19.35","18.20.39","18.23.35"]}]},{"name":"spoof-signature","description":"Spoofs the signature of the app.","version":"0.0.1","excluded":false,"options":[],"dependencies":[],"compatiblePackages":[{"name":"at.gv.oe.app","versions":[]}]},{"name":"spoof-wifi-connection","description":"Spoofs an existing Wi-Fi connection.","version":"0.0.1","excluded":true,"options":[],"dependencies":[],"compatiblePackages":[]},{"name":"spotify-theme","description":"Applies a custom theme.","version":"0.0.1","excluded":false,"options":[{"key":"backgroundColor","title":"Background color","description":"The background color. Can be a hex color or a resource reference.","required":false,"choices":null},{"key":"accentColor","title":"Accent color","description":"The accent color (\u0027spotify green\u0027 by default). Can be a hex color or a resource reference.","required":false,"choices":null},{"key":"accentPressedColor","title":"Pressed accent for the dark theme","description":"The color when accented buttons are pressed, by default slightly darker than accent. Can be a hex color or a resource reference.","required":false,"choices":null}],"dependencies":[],"compatiblePackages":[{"name":"com.spotify.music","versions":[]}]},{"name":"swipe-controls","description":"Adds volume and brightness swipe controls.","version":"0.0.3","excluded":false,"options":[],"dependencies":["integrations","player-type-hook","swipe-controls-resource-patch"],"compatiblePackages":[{"name":"com.google.android.youtube","versions":["18.16.37","18.19.35","18.20.39","18.23.35"]}]},{"name":"tablet-mini-player","description":"Enables the tablet mini player layout.","version":"0.0.1","excluded":false,"options":[],"dependencies":["integrations","settings"],"compatiblePackages":[{"name":"com.google.android.youtube","versions":["18.16.37","18.19.35","18.20.39","18.23.35"]}]},{"name":"theme","description":"Applies a custom theme.","version":"0.0.1","excluded":false,"options":[{"key":"darkThemeBackgroundColor","title":"Background color for the dark theme","description":"The background color of the dark theme. Can be a hex color or a resource reference.","required":false,"choices":null},{"key":"lightThemeBackgroundColor","title":"Background color for the light theme","description":"The background color of the light theme. Can be a hex color or a resource reference.","required":false,"choices":null}],"dependencies":["litho-color-hook","SeekbarColorBytecodePatch","ThemeResourcePatch"],"compatiblePackages":[{"name":"com.google.android.youtube","versions":[]}]},{"name":"unlock-paid-widgets","description":"Unlocks paid widgets of the app","version":"0.0.1","excluded":false,"options":[],"dependencies":[],"compatiblePackages":[{"name":"com.dci.dev.androidtwelvewidgets","versions":[]}]},{"name":"unlock-plus","description":"Unlocks plus features.","version":"0.0.1","excluded":false,"options":[],"dependencies":["SignatureDetectionPatch"],"compatiblePackages":[{"name":"com.microblink.photomath","versions":["8.20.0"]}]},{"name":"unlock-premium","description":"Unlocks premium features.","version":"0.0.1","excluded":false,"options":[],"dependencies":[],"compatiblePackages":[{"name":"io.yuka.android","versions":[]}]},{"name":"unlock-prime","description":"Unlocks Nova Prime and all functions of the app.","version":"0.0.1","excluded":false,"options":[],"dependencies":[],"compatiblePackages":[{"name":"com.teslacoilsw.launcher","versions":[]}]},{"name":"unlock-pro","description":"Unlocks premium features.","version":"0.0.1","excluded":false,"options":[],"dependencies":[],"compatiblePackages":[{"name":"com.candylink.openvpn","versions":[]}]},{"name":"unlock-pro","description":"Unlocks pro features.","version":"0.0.1","excluded":false,"options":[],"dependencies":[],"compatiblePackages":[{"name":"com.ithebk.expensemanager","versions":[]}]},{"name":"unlock-pro","description":"Unlocks all pro features.","version":"0.0.1","excluded":false,"options":[],"dependencies":[],"compatiblePackages":[{"name":"com.awedea.nyx","versions":[]}]},{"name":"unlock-pro","description":"Unlocks all pro features.","version":"0.0.1","excluded":false,"options":[],"dependencies":[],"compatiblePackages":[{"name":"co.windyapp.android","versions":[]}]},{"name":"unlock-pro","description":"Unlocks all pro features.","version":"0.0.1","excluded":false,"options":[],"dependencies":[],"compatiblePackages":[{"name":"com.wakdev.apps.nfctools.se","versions":[]}]},{"name":"unlock-pro","description":"Unlocks all pro features.","version":"0.0.1","excluded":false,"options":[],"dependencies":[],"compatiblePackages":[{"name":"ginlemon.iconpackstudio","versions":[]}]},{"name":"unlock-pro","description":"Unlocks pro features.","version":"0.0.1","excluded":false,"options":[],"dependencies":[],"compatiblePackages":[{"name":"tv.trakt.trakt","versions":[]}]},{"name":"unlock-pro","description":"Unlocks pro features.","version":"0.0.1","excluded":false,"options":[],"dependencies":["SignatureVerificationPatch","LicenseValidationPatch"],"compatiblePackages":[{"name":"com.zombodroid.MemeGenerator","versions":["4.6364","4.6370","4.6375","4.6377"]}]},{"name":"unlock-pro","description":"Unlocks all professional features.","version":"0.0.1","excluded":false,"options":[],"dependencies":[],"compatiblePackages":[{"name":"org.totschnig.myexpenses","versions":["3.4.9"]}]},{"name":"unlock-pro","description":"Unlocks pro features.","version":"0.0.1","excluded":false,"options":[],"dependencies":[],"compatiblePackages":[{"name":"com.vsco.cam","versions":[]}]},{"name":"unlock-themes","description":"Unlocks all themes that are inaccessible until a certain level is reached.","version":"0.0.1","excluded":false,"options":[],"dependencies":[],"compatiblePackages":[{"name":"com.ticktick.task","versions":[]}]},{"name":"unlock-trial","description":"Unlocks the trial version.","version":"0.0.1","excluded":false,"options":[],"dependencies":[],"compatiblePackages":[{"name":"net.dinglisch.android.taskerm","versions":[]}]},{"name":"upgrade-button-remover","description":"Removes the upgrade tab from the pivot bar.","version":"0.0.1","excluded":false,"options":[],"dependencies":[],"compatiblePackages":[{"name":"com.google.android.apps.youtube.music","versions":[]}]},{"name":"vanced-microg-support","description":"Allows YouTube Music ReVanced to run without root and under a different package name.","version":"0.0.2","excluded":false,"options":[],"dependencies":["microg-resource-patch"],"compatiblePackages":[{"name":"com.google.android.apps.youtube.music","versions":[]}]},{"name":"vanced-microg-support","description":"Allows YouTube ReVanced to run without root and under a different package name with Vanced MicroG.","version":"0.0.1","excluded":false,"options":[],"dependencies":["microg-resource-patch","hide-cast-button","client-spoof"],"compatiblePackages":[{"name":"com.google.android.youtube","versions":["18.16.37","18.19.35","18.20.39","18.23.35"]}]},{"name":"video-ads","description":"Removes ads in the video player.","version":"0.0.1","excluded":false,"options":[],"dependencies":["integrations","settings"],"compatiblePackages":[{"name":"com.google.android.youtube","versions":["18.16.37","18.19.35","18.20.39","18.23.35"]}]},{"name":"video-speed","description":"Adds custom video speeds and ability to remember the playback speed you chose in the video playback speed flyout.","version":"0.0.1","excluded":false,"options":[],"dependencies":["custom-video-speed","remember-playback-speed"],"compatiblePackages":[{"name":"com.google.android.youtube","versions":["18.20.39","18.23.35"]}]},{"name":"wide-searchbar","description":"Replaces the search icon with a wide search bar. This will hide the YouTube logo when active.","version":"0.0.1","excluded":false,"options":[],"dependencies":["integrations","settings"],"compatiblePackages":[{"name":"com.google.android.youtube","versions":["18.16.37","18.19.35","18.20.39","18.23.35"]}]}]