[{"name":"always-autorepeat","description":"Always repeats the playing video again.","version":"0.0.1","excluded":false,"options":[],"dependencies":["integrations"],"compatiblePackages":[{"name":"com.google.android.youtube","versions":["17.49.37","18.03.36"]}]},{"name":"background-play","description":"Enables playing music in the background.","version":"0.0.1","excluded":false,"options":[],"dependencies":[],"compatiblePackages":[{"name":"com.google.android.apps.youtube.music","versions":["5.14.53","5.16.51","5.17.51","5.21.52","5.22.54","5.23.50","5.25.51","5.25.52","5.26.52","5.27.51","5.28.52","5.29.52","5.31.50","5.34.51","5.36.51","5.38.53","5.39.52","5.40.51","5.41.50"]}]},{"name":"block-audio-ads","description":"Blocks audio ads in streams and VODs.","version":"0.0.1","excluded":false,"options":[],"dependencies":["integrations","settings"],"compatiblePackages":[{"name":"tv.twitch.android.app","versions":[]}]},{"name":"block-embedded-ads","description":"Blocks embedded steam ads using services like TTV.lol or PurpleAdBlocker.","version":"0.0.1","excluded":false,"options":[],"dependencies":["block-video-ads","integrations","settings"],"compatiblePackages":[{"name":"tv.twitch.android.app","versions":[]}]},{"name":"block-video-ads","description":"Blocks video ads in streams and VODs.","version":"0.0.1","excluded":false,"options":[],"dependencies":["integrations","settings"],"compatiblePackages":[{"name":"tv.twitch.android.app","versions":[]}]},{"name":"client-spoof","description":"Spoofs the YouTube or Vanced client to prevent playback issues.","version":"0.0.1","excluded":false,"options":[],"dependencies":[],"compatiblePackages":[{"name":"com.google.android.youtube","versions":[]},{"name":"com.vanced.android.youtube","versions":[]}]},{"name":"codecs-unlock","description":"Adds more audio codec options. The new audio codecs usually result in better audio quality.","version":"0.0.1","excluded":false,"options":[],"dependencies":[],"compatiblePackages":[{"name":"com.google.android.apps.youtube.music","versions":["5.14.53","5.16.51","5.17.51","5.21.52","5.22.54","5.23.50","5.25.51","5.25.52","5.26.52","5.27.51","5.28.52","5.29.52","5.31.50","5.34.51","5.36.51","5.38.53","5.39.52","5.40.51","5.41.50"]}]},{"name":"comments","description":"Hides components related to comments.","version":"0.0.1","excluded":false,"options":[],"dependencies":["integrations","comments-resource-patch"],"compatiblePackages":[{"name":"com.google.android.youtube","versions":["17.49.37","18.03.36"]}]},{"name":"compact-header","description":"Hides the music category bar at the top of the homepage.","version":"0.0.1","excluded":true,"options":[],"dependencies":[],"compatiblePackages":[{"name":"com.google.android.apps.youtube.music","versions":["5.14.53","5.16.51","5.21.52","5.22.54","5.23.50","5.25.51","5.25.52","5.26.52","5.27.51","5.28.52","5.29.52","5.31.50","5.34.51","5.36.51","5.38.53","5.39.52","5.40.51","5.41.50"]}]},{"name":"copy-video-url","description":"Adds buttons in player to copy video links.","version":"0.0.1","excluded":false,"options":[],"dependencies":["copy-video-url-resource","player-controls-bytecode-patch","video-information"],"compatiblePackages":[{"name":"com.google.android.youtube","versions":["17.49.37","18.03.36"]}]},{"name":"custom-branding","description":"Changes the YouTube launcher icon and name to your choice (defaults to ReVanced).","version":"0.0.1","excluded":false,"options":[{"key":"appName","title":"Application Name","description":"The name of the application it will show on your home screen.","required":true,"choices":null},{"key":"iconPath","title":"App Icon Path","description":"A path containing mipmap resource folders with icons.","required":false,"choices":null}],"dependencies":[],"compatiblePackages":[{"name":"com.google.android.youtube","versions":[]}]},{"name":"custom-video-buffer","description":"Lets you change the buffers of videos.","version":"0.0.1","excluded":false,"options":[],"dependencies":["settings"],"compatiblePackages":[{"name":"com.google.android.youtube","versions":["17.49.37","18.03.36"]}]},{"name":"custom-video-speed","description":"Adds more video speed options.","version":"0.0.1","excluded":false,"options":[{"key":"granularity","title":"Video speed granularity","description":"The granularity of the video speeds. The higher the value, the more speeds will be available.","required":true,"choices":null},{"key":"min","title":"Minimum video speed","description":"The minimum video speed.","required":true,"choices":null},{"key":"max","title":"Maximum video speed","description":"The maximum video speed. Must be greater than the minimum video speed and smaller than 5.","required":true,"choices":null}],"dependencies":["integrations"],"compatiblePackages":[{"name":"com.google.android.youtube","versions":["17.49.37","18.03.36"]}]},{"name":"debug-mode","description":"Enables Twitch\u0027s internal debugging mode.","version":"0.0.1","excluded":true,"options":[],"dependencies":["integrations","settings"],"compatiblePackages":[{"name":"tv.twitch.android.app","versions":[]}]},{"name":"debugging","description":"Adds debugging options.","version":"0.0.1","excluded":false,"options":[{"key":"debuggable","title":"App debugging","description":"Whether to make the app debuggable on Android.","required":false,"choices":null}],"dependencies":["integrations","settings"],"compatiblePackages":[{"name":"com.google.android.youtube","versions":[]}]},{"name":"disable-ads","description":"Disables ads in HexEditor.","version":"0.0.1","excluded":false,"options":[],"dependencies":[],"compatiblePackages":[{"name":"com.myprog.hexedit","versions":[]}]},{"name":"disable-auto-captions","description":"Disable forced captions from being automatically enabled.","version":"0.0.1","excluded":false,"options":[],"dependencies":["integrations","settings"],"compatiblePackages":[{"name":"com.google.android.youtube","versions":["17.49.37","18.03.36"]}]},{"name":"disable-auto-player-popup-panels","description":"Disable automatic popup panels (playlist or live chat) on video player.","version":"0.0.1","excluded":false,"options":[],"dependencies":["integrations","settings"],"compatiblePackages":[{"name":"com.google.android.youtube","versions":["17.49.37","18.03.36"]}]},{"name":"disable-capture-restriction","description":"Allows capturing Spotify\u0027s audio output while screen sharing or screen recording.","version":"0.0.2","excluded":false,"options":[],"dependencies":["disable-capture-restriction-resource-patch"],"compatiblePackages":[{"name":"com.spotify.music","versions":[]}]},{"name":"disable-fullscreen-panels","description":"Disables video description and comments panel in fullscreen view.","version":"0.0.1","excluded":false,"options":[],"dependencies":["integrations","settings"],"compatiblePackages":[{"name":"com.google.android.youtube","versions":["17.49.37","18.03.36"]}]},{"name":"disable-login-requirement","description":"Do not force login.","version":"0.0.1","excluded":false,"options":[],"dependencies":[],"compatiblePackages":[{"name":"com.ss.android.ugc.trill","versions":[]},{"name":"com.zhiliaoapp.musically","versions":[]}]},{"name":"disable-startup-shorts-player","description":"Disables playing YouTube Shorts when launching YouTube.","version":"0.0.1","excluded":false,"options":[],"dependencies":["integrations","settings"],"compatiblePackages":[{"name":"com.google.android.youtube","versions":["17.49.37","18.03.36"]}]},{"name":"disable-zoom-haptics","description":"Disables haptics when zooming.","version":"0.0.1","excluded":false,"options":[],"dependencies":["settings"],"compatiblePackages":[{"name":"com.google.android.youtube","versions":[]}]},{"name":"downloads","description":"Removes download restrictions and changes the default path to download to.","version":"0.0.1","excluded":false,"options":[],"dependencies":["integrations","settings"],"compatiblePackages":[{"name":"com.ss.android.ugc.trill","versions":["27.8.3"]},{"name":"com.zhiliaoapp.musically","versions":["27.8.3"]}]},{"name":"downloads","description":"Enables downloading music and videos from YouTube.","version":"0.0.1","excluded":false,"options":[],"dependencies":["downloads-resource-patch","player-controls-bytecode-patch","video-information"],"compatiblePackages":[{"name":"com.google.android.youtube","versions":["17.49.37","18.03.36"]}]},{"name":"dynamic-color","description":"Replaces the default Twitter Blue with the users Material You palette.","version":"0.0.1","excluded":false,"options":[],"dependencies":[],"compatiblePackages":[{"name":"com.twitter.android","versions":[]}]},{"name":"enable-on-demand","description":"Enables listening to songs on-demand, allowing to play any song from playlists, albums or artists without limitations. This does not remove ads.","version":"0.0.1","excluded":false,"options":[],"dependencies":[],"compatiblePackages":[{"name":"com.spotify.lite","versions":[]}]},{"name":"enable-wide-searchbar","description":"Replaces the search icon with a wide search bar. This will hide the YouTube logo when active.","version":"0.0.1","excluded":false,"options":[],"dependencies":["integrations","settings"],"compatiblePackages":[{"name":"com.google.android.youtube","versions":["17.49.37","18.03.36"]}]},{"name":"exclusive-audio-playback","description":"Enables the option to play music without video.","version":"0.0.1","excluded":false,"options":[],"dependencies":[],"compatiblePackages":[{"name":"com.google.android.apps.youtube.music","versions":["5.14.53","5.16.51","5.17.51","5.21.52","5.22.54","5.23.50","5.25.51","5.25.52","5.26.52","5.27.51","5.28.52","5.29.52","5.31.50","5.34.51","5.36.51","5.38.53","5.39.52","5.40.51","5.41.50"]}]},{"name":"feed-filter","description":"Filters tiktok videos: removing ads, removing livestreams.","version":"0.0.1","excluded":false,"options":[],"dependencies":["integrations","settings"],"compatiblePackages":[{"name":"com.ss.android.ugc.trill","versions":["27.8.3"]},{"name":"com.zhiliaoapp.musically","versions":["27.8.3"]}]},{"name":"fix-google-login","description":"Allows logging in with a Google account.","version":"0.0.1","excluded":false,"options":[],"dependencies":[],"compatiblePackages":[{"name":"com.ss.android.ugc.trill","versions":[]},{"name":"com.zhiliaoapp.musically","versions":[]}]},{"name":"general-ads","description":"Removes general ads.","version":"0.0.1","excluded":false,"options":[],"dependencies":["GeneralAdsResourcePatch","VerticalScrollPatch","FixBackToExitGesturePatch"],"compatiblePackages":[{"name":"com.google.android.youtube","versions":["17.49.37","18.03.36"]}]},{"name":"general-reddit-ads","description":"Removes general ads from the Reddit frontpage and subreddits.","version":"0.0.1","excluded":false,"options":[],"dependencies":[],"compatiblePackages":[{"name":"com.reddit.frontpage","versions":["2022.43.0"]}]},{"name":"hdr-auto-brightness","description":"Makes the brightness of HDR videos follow the system default.","version":"0.0.2","excluded":false,"options":[],"dependencies":["integrations","settings"],"compatiblePackages":[{"name":"com.google.android.youtube","versions":["17.49.37","18.03.36"]}]},{"name":"hide-ads","description":"Removes ads from TikTok.","version":"0.0.1","excluded":false,"options":[],"dependencies":[],"compatiblePackages":[{"name":"com.ss.android.ugc.trill","versions":[]},{"name":"com.zhiliaoapp.musically","versions":[]}]},{"name":"hide-album-cards","description":"Hides the album cards below the artist description.","version":"0.0.1","excluded":false,"options":[],"dependencies":["integrations","hide-album-cards-resource-patch"],"compatiblePackages":[{"name":"com.google.android.youtube","versions":["17.49.37","18.03.36"]}]},{"name":"hide-artist-card","description":"Hides the artist card below the searchbar.","version":"0.0.1","excluded":false,"options":[],"dependencies":["resource-mapping","LithoFilterPatch"],"compatiblePackages":[{"name":"com.google.android.youtube","versions":["17.49.37","18.03.36"]}]},{"name":"hide-autoplay-button","description":"Hides the autoplay button in the video player.","version":"0.0.1","excluded":false,"options":[],"dependencies":["integrations","settings","resource-mapping"],"compatiblePackages":[{"name":"com.google.android.youtube","versions":["17.49.37","18.03.36"]}]},{"name":"hide-breaking-news-shelf","description":"Hides the breaking news shelf on the homepage tab.","version":"0.0.1","excluded":false,"options":[],"dependencies":["integrations","breaking-news-shelf-resource-patch"],"compatiblePackages":[{"name":"com.google.android.youtube","versions":["17.49.37","18.03.36"]}]},{"name":"hide-captions-button","description":"Hides the captions button on video player.","version":"0.0.1","excluded":false,"options":[],"dependencies":["integrations","settings"],"compatiblePackages":[{"name":"com.google.android.youtube","versions":["17.49.37","18.03.36"]}]},{"name":"hide-cast-button","description":"Hides the cast button in the video player.","version":"0.0.1","excluded":false,"options":[],"dependencies":["integrations","settings"],"compatiblePackages":[{"name":"com.google.android.youtube","versions":[]}]},{"name":"hide-create-button","description":"Hides the create button in the navigation bar.","version":"0.0.1","excluded":false,"options":[],"dependencies":["integrations","resource-mapping","settings","ResolvePivotBarFingerprintsPatch"],"compatiblePackages":[{"name":"com.google.android.youtube","versions":["17.49.37","18.03.36"]}]},{"name":"hide-crowdfunding-box","description":"Hides the crowdfunding box between the player and video description.","version":"0.0.1","excluded":false,"options":[],"dependencies":["integrations","crowdfunding-box-resource-patch"],"compatiblePackages":[{"name":"com.google.android.youtube","versions":["17.49.37","18.03.36"]}]},{"name":"hide-email-address","description":"Hides the email address in the account switcher.","version":"0.0.1","excluded":false,"options":[],"dependencies":["integrations","hide-email-address-resource-patch"],"compatiblePackages":[{"name":"com.google.android.youtube","versions":["17.49.37","18.03.36"]}]},{"name":"hide-endscreen-cards","description":"Hides the suggested video cards at the end of a video in fullscreen.","version":"0.0.1","excluded":false,"options":[],"dependencies":["integrations","hide-endscreen-cards-resource-patch"],"compatiblePackages":[{"name":"com.google.android.youtube","versions":["17.49.37","18.03.36"]}]},{"name":"hide-get-premium","description":"Removes all \"Get Premium\" evidences from the avatar menu.","version":"0.0.1","excluded":false,"options":[],"dependencies":[],"compatiblePackages":[{"name":"com.google.android.apps.youtube.music","versions":["5.14.53","5.16.51","5.17.51","5.21.52","5.22.54","5.23.50","5.25.51","5.25.52","5.26.52","5.27.51","5.28.52","5.29.52","5.31.50","5.34.51","5.36.51","5.38.53","5.39.52"]}]},{"name":"hide-info-cards","description":"Hides info-cards in videos.","version":"0.0.1","excluded":false,"options":[],"dependencies":["integrations","HideInfocardsResourcePatch"],"compatiblePackages":[{"name":"com.google.android.youtube","versions":["17.49.37","18.03.36"]}]},{"name":"hide-my-mix","description":"Hides mix playlists.","version":"0.0.1","excluded":false,"options":[],"dependencies":["integrations"],"compatiblePackages":[{"name":"com.google.android.youtube","versions":["17.49.37","18.03.36"]}]},{"name":"hide-player-buttons","description":"Adds the option to hide video player previous and next buttons.","version":"0.0.1","excluded":false,"options":[],"dependencies":["integrations","settings"],"compatiblePackages":[{"name":"com.google.android.youtube","versions":[]}]},{"name":"hide-premium-navbar","description":"Removes the premium tab from the navbar.","version":"0.0.1","excluded":false,"options":[],"dependencies":["resource-mapping"],"compatiblePackages":[{"name":"com.spotify.music","versions":[]}]},{"name":"hide-shorts-button","description":"Hides the shorts button on the navigation bar.","version":"0.0.1","excluded":false,"options":[],"dependencies":["integrations","settings","ResolvePivotBarFingerprintsPatch"],"compatiblePackages":[{"name":"com.google.android.youtube","versions":["17.49.37","18.03.36"]}]},{"name":"hide-time-and-seekbar","description":"Hides progress bar and time counter on videos.","version":"0.0.1","excluded":false,"options":[],"dependencies":["integrations","settings"],"compatiblePackages":[{"name":"com.google.android.youtube","versions":["17.49.37","18.03.36"]}]},{"name":"hide-video-action-buttons","description":"Adds the options to hide action buttons under a video.","version":"0.0.1","excluded":false,"options":[],"dependencies":["resource-mapping","LithoFilterPatch"],"compatiblePackages":[{"name":"com.google.android.youtube","versions":["17.49.37","18.03.36"]}]},{"name":"hide-views-stats","description":"Hides the view stats under tweets.","version":"0.0.1","excluded":false,"options":[],"dependencies":["HideViewsBytecodePatch"],"compatiblePackages":[{"name":"com.twitter.android","versions":["9.69.1-release.0"]}]},{"name":"hide-watch-in-vr","description":"Hides the Watch in VR option in the player settings flyout panel.","version":"0.0.1","excluded":false,"options":[],"dependencies":["integrations","settings"],"compatiblePackages":[{"name":"com.google.android.youtube","versions":["17.49.37","18.03.36"]}]},{"name":"hide-watermark","description":"Hides creator\u0027s watermarks on videos.","version":"0.0.1","excluded":false,"options":[],"dependencies":["integrations","settings"],"compatiblePackages":[{"name":"com.google.android.youtube","versions":["17.49.37","18.03.36"]}]},{"name":"microg-support","description":"Allows YouTube ReVanced to run without root and under a different package name with Vanced MicroG.","version":"0.0.1","excluded":false,"options":[],"dependencies":["microg-resource-patch","hide-cast-button","client-spoof"],"compatiblePackages":[{"name":"com.google.android.youtube","versions":["17.49.37","18.03.36"]}]},{"name":"minimized-playback","description":"Enables minimized and background playback.","version":"0.0.1","excluded":false,"options":[],"dependencies":["integrations","settings"],"compatiblePackages":[{"name":"com.google.android.youtube","versions":["17.49.37","18.03.36"]}]},{"name":"minimized-playback-music","description":"Enables minimized playback on Kids music.","version":"0.0.1","excluded":false,"options":[],"dependencies":[],"compatiblePackages":[{"name":"com.google.android.apps.youtube.music","versions":["5.14.53","5.16.51","5.17.51","5.21.52","5.22.54","5.23.50","5.25.51","5.25.52","5.26.52","5.27.51","5.28.52","5.29.52","5.31.50","5.34.51","5.36.51","5.38.53","5.39.52","5.40.51","5.41.50"]}]},{"name":"monochrome-icon","description":"Adds a monochrome icon.","version":"0.0.1","excluded":false,"options":[],"dependencies":[],"compatiblePackages":[{"name":"com.twitter.android","versions":[]}]},{"name":"music-microg-support","description":"Allows YouTube Music ReVanced to run without root and under a different package name.","version":"0.0.2","excluded":false,"options":[],"dependencies":["music-microg-resource-patch"],"compatiblePackages":[{"name":"com.google.android.apps.youtube.music","versions":["5.14.53","5.16.51","5.17.51","5.21.52","5.22.54","5.23.50","5.25.51","5.25.52","5.26.52","5.27.51","5.28.52","5.29.52","5.31.50","5.34.51","5.36.51","5.38.53","5.39.52","5.40.51","5.41.50"]}]},{"name":"music-video-ads","description":"Removes ads in the music player.","version":"0.0.1","excluded":false,"options":[],"dependencies":[],"compatiblePackages":[{"name":"com.google.android.apps.youtube.music","versions":["5.14.53","5.16.51","5.17.51","5.21.52","5.22.54","5.23.50","5.25.51","5.25.52","5.26.52","5.27.51","5.28.52","5.29.52","5.31.50","5.34.51","5.36.51","5.38.53","5.39.52","5.40.51","5.41.50"]}]},{"name":"old-quality-layout","description":"Enables the original video quality flyout in the video player settings","version":"0.0.1","excluded":false,"options":[],"dependencies":["integrations","settings"],"compatiblePackages":[{"name":"com.google.android.youtube","versions":["17.49.37","18.03.36"]}]},{"name":"open-links-directly","description":"Skips over redirection URLs to external links.","version":"0.0.1","excluded":false,"options":[],"dependencies":["integrations","settings"],"compatiblePackages":[{"name":"com.google.android.youtube","versions":["17.49.37","18.03.36"]}]},{"name":"open-links-externally","description":"Open links outside of the app directly in your browser.","version":"0.0.1","excluded":false,"options":[],"dependencies":[],"compatiblePackages":[{"name":"com.google.android.youtube","versions":["17.49.37","18.03.36"]}]},{"name":"playback-speed","description":"Enables the playback speed option for all videos.","version":"0.0.1","excluded":false,"options":[],"dependencies":[],"compatiblePackages":[{"name":"com.ss.android.ugc.trill","versions":[]},{"name":"com.zhiliaoapp.musically","versions":[]}]},{"name":"predictive-back-gesture","description":"Enables the predictive back gesture introduced on Android 13.","version":"0.0.1","excluded":true,"options":[],"dependencies":[],"compatiblePackages":[]},{"name":"premium-heading","description":"Shows premium branding on the home screen.","version":"0.0.1","excluded":false,"options":[],"dependencies":[],"compatiblePackages":[{"name":"com.google.android.youtube","versions":[]}]},{"name":"premium-icon-reddit","description":"Unlocks premium Reddit app icons.","version":"0.0.1","excluded":false,"options":[],"dependencies":[],"compatiblePackages":[{"name":"com.reddit.frontpage","versions":[]}]},{"name":"premium-unlock","description":"Unlocks premium functions.","version":"0.0.1","excluded":false,"options":[],"dependencies":[],"compatiblePackages":[{"name":"org.citra.citra_emu","versions":[]},{"name":"org.citra.citra_emu.canary","versions":[]}]},{"name":"pro-unlock","description":"Unlocks pro-only functions.","version":"0.0.1","excluded":false,"options":[],"dependencies":[],"compatiblePackages":[{"name":"com.backdrops.wallpapers","versions":[]}]},{"name":"promo-code-unlock","description":"Disables the validation of promo code. Any code will work to unlock all features.","version":"0.0.1","excluded":false,"options":[],"dependencies":["spoof-cert-patch"],"compatiblePackages":[{"name":"de.dwd.warnapp","versions":[]}]},{"name":"remember-playback-rate","description":"Adds the ability to remember the playback rate you chose in the video playback rate flyout.","version":"0.0.1","excluded":false,"options":[],"dependencies":["integrations","settings"],"compatiblePackages":[{"name":"com.google.android.youtube","versions":["17.49.37","18.03.36"]}]},{"name":"remember-video-quality","description":"Adds the ability to remember the video quality you chose in the video quality flyout.","version":"0.0.1","excluded":false,"options":[],"dependencies":["integrations","video-id-hook","settings"],"compatiblePackages":[{"name":"com.google.android.youtube","versions":["17.49.37","18.03.36"]}]},{"name":"remove-ads","description":"Removes all ads from the app.","version":"0.0.1","excluded":false,"options":[],"dependencies":[],"compatiblePackages":[{"name":"net.binarymode.android.irplus","versions":[]}]},{"name":"remove-bootloader-detection","description":"Removes the check for an unlocked bootloader.","version":"0.0.1","excluded":false,"options":[],"dependencies":[],"compatiblePackages":[{"name":"at.gv.bmf.bmf2go","versions":["2.2.0"]}]},{"name":"remove-broadcasts-restriction","description":"Enables starting/stopping NetGuard via broadcasts.","version":"0.0.1","excluded":true,"options":[],"dependencies":[],"compatiblePackages":[{"name":"eu.faircode.netguard","versions":[]}]},{"name":"remove-player-button-background","description":"Removes the background from the video player buttons.","version":"0.0.1","excluded":false,"options":[],"dependencies":[],"compatiblePackages":[{"name":"com.google.android.youtube","versions":["17.49.37","18.03.36"]}]},{"name":"remove-root-detection","description":"Removes the check for root permissions.","version":"0.0.1","excluded":false,"options":[],"dependencies":[],"compatiblePackages":[{"name":"at.gv.bmf.bmf2go","versions":["2.2.0"]}]},{"name":"remove-root-detection","description":"Removes the check for root permissions and unlocked bootloader.","version":"0.0.1","excluded":false,"options":[],"dependencies":[],"compatiblePackages":[{"name":"at.gv.oe.app","versions":["2.5.2"]}]},{"name":"remove-screenshot-restriction","description":"Removes the restriction of taking screenshots in apps that normally wouldn\u0027t allow it.","version":"0.0.1","excluded":true,"options":[],"dependencies":[],"compatiblePackages":[]},{"name":"return-youtube-dislike","description":"Shows the dislike count of videos using the Return YouTube Dislike API.","version":"0.0.1","excluded":false,"options":[],"dependencies":["integrations","video-id-hook","return-youtube-dislike-resource-patch","player-type-hook"],"compatiblePackages":[{"name":"com.google.android.youtube","versions":["17.49.37","18.03.36"]}]},{"name":"seekbar-tapping","description":"Enables tap-to-seek on the seekbar of the video player.","version":"0.0.1","excluded":false,"options":[],"dependencies":["integrations","settings"],"compatiblePackages":[{"name":"com.google.android.youtube","versions":["17.49.37","18.03.36"]}]},{"name":"settings","description":"Adds ReVanced settings to TikTok.","version":"0.0.1","excluded":false,"options":[],"dependencies":["integrations"],"compatiblePackages":[{"name":"com.ss.android.ugc.trill","versions":["27.8.3"]},{"name":"com.zhiliaoapp.musically","versions":["27.8.3"]}]},{"name":"settings","description":"Adds settings menu to Twitch.","version":"0.0.1","excluded":false,"options":[],"dependencies":["integrations","settings-resource-patch"],"compatiblePackages":[{"name":"tv.twitch.android.app","versions":[]}]},{"name":"show-deleted-messages","description":"Shows deleted chat messages behind a clickable spoiler.","version":"0.0.1","excluded":false,"options":[],"dependencies":["integrations","settings"],"compatiblePackages":[{"name":"tv.twitch.android.app","versions":[]}]},{"name":"show-seekbar","description":"Shows progress bar for all video.","version":"0.0.1","excluded":false,"options":[],"dependencies":[],"compatiblePackages":[{"name":"com.ss.android.ugc.trill","versions":[]},{"name":"com.zhiliaoapp.musically","versions":[]}]},{"name":"sim-spoof","description":"Spoofs the information which is retrieved from the sim-card.","version":"0.0.1","excluded":true,"options":[],"dependencies":["integrations","settings"],"compatiblePackages":[{"name":"com.ss.android.ugc.trill","versions":["27.8.3"]},{"name":"com.zhiliaoapp.musically","versions":["27.8.3"]}]},{"name":"sponsorblock","description":"Integrates SponsorBlock which allows skipping video segments such as sponsored content.","version":"0.0.1","excluded":false,"options":[],"dependencies":["video-information","player-controls-bytecode-patch","player-type-hook","integrations","sponsorblock-resource-patch","video-id-hook"],"compatiblePackages":[{"name":"com.google.android.youtube","versions":["17.49.37","18.03.36"]}]},{"name":"spoof-app-version","description":"Tricks YouTube into thinking, you are running an older version of the app. One of the side effects also includes restoring the old UI.","version":"0.0.1","excluded":false,"options":[],"dependencies":["integrations","settings"],"compatiblePackages":[{"name":"com.google.android.youtube","versions":["17.49.37","18.03.36"]}]},{"name":"spoof-signature","description":"Spoofs the signature of the app.","version":"0.0.1","excluded":false,"options":[],"dependencies":[],"compatiblePackages":[{"name":"at.gv.oe.app","versions":["2.5.2"]}]},{"name":"spoof-wifi-connection","description":"Spoofs an existing Wi-Fi connection.","version":"0.0.1","excluded":true,"options":[],"dependencies":[],"compatiblePackages":[]},{"name":"spotify-theme","description":"Applies a custom theme.","version":"0.0.1","excluded":false,"options":[{"key":"backgroundColor","title":"Background color","description":"The background color. Can be a hex color or a resource reference.","required":false,"choices":null},{"key":"accentColor","title":"Accent color","description":"The accent color (\u0027spotify green\u0027 by default). Can be a hex color or a resource reference.","required":false,"choices":null},{"key":"accentPressedColor","title":"Pressed accent for the dark theme","description":"The color when accented buttons are pressed, by default slightly darker than accent. Can be a hex color or a resource reference.","required":false,"choices":null}],"dependencies":[],"compatiblePackages":[{"name":"com.spotify.music","versions":[]}]},{"name":"swipe-controls","description":"Adds volume and brightness swipe controls.","version":"0.0.3","excluded":false,"options":[],"dependencies":["integrations","player-type-hook","swipe-controls-resource-patch"],"compatiblePackages":[{"name":"com.google.android.youtube","versions":["17.49.37","18.03.36"]}]},{"name":"tablet-mini-player","description":"Enables the tablet mini player layout.","version":"0.0.1","excluded":false,"options":[],"dependencies":["integrations","settings"],"compatiblePackages":[{"name":"com.google.android.youtube","versions":["17.49.37","18.03.36"]}]},{"name":"tasteBuilder-remover","description":"Removes the \"Tell us which artists you like\" card from the home screen.","version":"0.0.1","excluded":false,"options":[],"dependencies":[],"compatiblePackages":[{"name":"com.google.android.apps.youtube.music","versions":["5.21.52","5.22.54","5.23.50","5.25.51","5.25.52","5.26.52","5.27.51","5.28.52","5.29.52","5.31.50","5.34.51","5.36.51","5.38.53","5.39.52","5.40.51","5.41.50"]}]},{"name":"theme","description":"Applies a custom theme.","version":"0.0.1","excluded":false,"options":[{"key":"darkThemeBackgroundColor","title":"Background color for the dark theme","description":"The background color of the dark theme. Can be a hex color or a resource reference.","required":false,"choices":null},{"key":"lightThemeBackgroundColor","title":"Background color for the light theme","description":"The background color of the light theme. Can be a hex color or a resource reference.","required":false,"choices":null},{"key":"darkThemeSeekbarColor","title":"Dark theme seekbar color","description":"The background color of the seekbar of the dark theme. Leave empty for default color.","required":false,"choices":null}],"dependencies":["litho-components-theme"],"compatiblePackages":[{"name":"com.google.android.youtube","versions":[]}]},{"name":"timeline-ads","description":"Removes ads from the Twitter timeline. Might require clearing app data to remove already cached ads.","version":"0.0.1","excluded":false,"options":[],"dependencies":[],"compatiblePackages":[{"name":"com.twitter.android","versions":[]}]},{"name":"unlock-prime","description":"Unlocks Nova Prime and all functions of the app.","version":"0.0.1","excluded":false,"options":[],"dependencies":[],"compatiblePackages":[{"name":"com.teslacoilsw.launcher","versions":[]}]},{"name":"unlock-pro","description":"Unlocks all pro features.","version":"0.0.1","excluded":false,"options":[],"dependencies":[],"compatiblePackages":[{"name":"co.windyapp.android","versions":[]}]},{"name":"unlock-pro","description":"Unlocks all pro features.","version":"0.0.1","excluded":false,"options":[],"dependencies":[],"compatiblePackages":[{"name":"com.awedea.nyx","versions":[]}]},{"name":"unlock-pro","description":"Unlocks all pro features.","version":"0.0.1","excluded":false,"options":[],"dependencies":[],"compatiblePackages":[{"name":"ginlemon.iconpackstudio","versions":[]}]},{"name":"unlock-pro","description":"Unlocks all professional features.","version":"0.0.1","excluded":false,"options":[],"dependencies":[],"compatiblePackages":[{"name":"org.totschnig.myexpenses","versions":[]}]},{"name":"unlock-pro","description":"Unlocks pro features.","version":"0.0.1","excluded":false,"options":[],"dependencies":[],"compatiblePackages":[{"name":"com.ithebk.expensemanager","versions":[]}]},{"name":"unlock-themes","description":"Unlocks all themes.","version":"0.0.1","excluded":false,"options":[],"dependencies":[],"compatiblePackages":[{"name":"com.ticktick.task","versions":[]}]},{"name":"unlock-trial","description":"Unlocks the trial version.","version":"0.0.1","excluded":false,"options":[],"dependencies":[],"compatiblePackages":[{"name":"net.dinglisch.android.taskerm","versions":[]}]},{"name":"upgrade-button-remover","description":"Removes the upgrade tab from the pivot bar.","version":"0.0.1","excluded":false,"options":[],"dependencies":[],"compatiblePackages":[{"name":"com.google.android.apps.youtube.music","versions":["5.14.53","5.16.51","5.17.51","5.21.52","5.22.54","5.23.50","5.25.51","5.25.52","5.26.52","5.27.51","5.28.52","5.29.52","5.31.50","5.34.51","5.36.51","5.38.53","5.39.52","5.40.51","5.41.50"]}]},{"name":"video-ads","description":"Removes ads in the video player.","version":"0.0.1","excluded":false,"options":[],"dependencies":["integrations","settings"],"compatiblePackages":[{"name":"com.google.android.youtube","versions":["17.49.37","18.03.36"]}]}]