[{"name":"Unlock pro","description":null,"compatiblePackages":[{"name":"com.awedea.nyx","versions":["2.2.7"]}],"use":true,"requiresIntegrations":false,"options":[]},{"name":"Unlock pro","description":null,"compatiblePackages":[{"name":"ginlemon.iconpackstudio","versions":["2.2 build 016"]}],"use":true,"requiresIntegrations":false,"options":[]},{"name":"Minimized playback music","description":"Enables minimized playback on Kids music.","compatiblePackages":[{"name":"com.google.android.apps.youtube.music","versions":null}],"use":true,"requiresIntegrations":false,"options":[]},{"name":"Hide get premium","description":"Removes all \"Get Premium\" evidences from the avatar menu.","compatiblePackages":[{"name":"com.google.android.apps.youtube.music","versions":null}],"use":true,"requiresIntegrations":false,"options":[]},{"name":"Compact header","description":"Hides the music category bar at the top of the homepage.","compatiblePackages":[{"name":"com.google.android.apps.youtube.music","versions":null}],"use":false,"requiresIntegrations":false,"options":[]},{"name":"Remove upgrade button","description":"Removes the upgrade tab from the pivot bar.","compatiblePackages":[{"name":"com.google.android.apps.youtube.music","versions":null}],"use":true,"requiresIntegrations":false,"options":[]},{"name":"Permanent shuffle","description":"Permanently remember your shuffle preference even if the playlist ends or another track is played.","compatiblePackages":[{"name":"com.google.android.apps.youtube.music","versions":null}],"use":false,"requiresIntegrations":false,"options":[]},{"name":"Permanent repeat","description":"Permanently remember your repeating preference even if the playlist ends or another track is played.","compatiblePackages":[{"name":"com.google.android.apps.youtube.music","versions":null}],"use":false,"requiresIntegrations":false,"options":[]},{"name":"Background play","description":"Enables playing music in the background.","compatiblePackages":[{"name":"com.google.android.apps.youtube.music","versions":null}],"use":true,"requiresIntegrations":false,"options":[]},{"name":"Exclusive audio playback","description":"Enables the option to play audio without video.","compatiblePackages":[{"name":"com.google.android.apps.youtube.music","versions":null}],"use":true,"requiresIntegrations":false,"options":[]},{"name":"Codecs unlock","description":"Adds more audio codec options. The new audio codecs usually result in better audio quality.","compatiblePackages":[{"name":"com.google.android.apps.youtube.music","versions":null}],"use":true,"requiresIntegrations":false,"options":[]},{"name":"Music video ads","description":"Removes ads in the music player.","compatiblePackages":[{"name":"com.google.android.apps.youtube.music","versions":null}],"use":true,"requiresIntegrations":false,"options":[]},{"name":"Bypass certificate checks","description":"Bypasses certificate checks which prevent YouTube Music from working on Android Auto.","compatiblePackages":[{"name":"com.google.android.apps.youtube.music","versions":null}],"use":true,"requiresIntegrations":false,"options":[]},{"name":"GmsCore support","description":"Allows Google apps to run without root and under a different package name by using GmsCore instead of Google Play Services.","compatiblePackages":[{"name":"com.google.android.apps.youtube.music","versions":null}],"use":true,"requiresIntegrations":true,"options":[{"key":"gmsCoreVendor","default":"com.mgoogle","values":{"Vanced":"com.mgoogle","ReVanced":"app.revanced"},"title":"GmsCore Vendor","description":"The group id of the GmsCore vendor.","required":true}]},{"name":"Hide ads","description":null,"compatiblePackages":[{"name":"com.nis.app","versions":null}],"use":true,"requiresIntegrations":false,"options":[]},{"name":"Remove ads","description":null,"compatiblePackages":[{"name":"net.binarymode.android.irplus","versions":null}],"use":true,"requiresIntegrations":false,"options":[]},{"name":"Disable Tumblr Live","description":"Disable the Tumblr Live tab button and dashboard carousel.","compatiblePackages":[{"name":"com.tumblr","versions":null}],"use":true,"requiresIntegrations":false,"options":[]},{"name":"Disable dashboard ads","description":"Disables ads in the dashboard.","compatiblePackages":[{"name":"com.tumblr","versions":null}],"use":true,"requiresIntegrations":false,"options":[]},{"name":"Disable gift message popup","description":"Disables the popup suggesting to buy TumblrMart items for other people.","compatiblePackages":[{"name":"com.tumblr","versions":null}],"use":true,"requiresIntegrations":false,"options":[]},{"name":"Disable in-app update","description":"Disables the in-app update check and update prompt.","compatiblePackages":[{"name":"com.tumblr","versions":null}],"use":true,"requiresIntegrations":false,"options":[]},{"name":"Disable blog notification reminder","description":"Disables the reminder to enable notifications for blogs you visit.","compatiblePackages":[{"name":"com.tumblr","versions":null}],"use":true,"requiresIntegrations":false,"options":[]},{"name":"Remove root detection","description":"Removes the check for root permissions.","compatiblePackages":[{"name":"at.gv.bmf.bmf2go","versions":null}],"use":true,"requiresIntegrations":false,"options":[]},{"name":"Remove bootloader detection","description":"Removes the check for an unlocked bootloader.","compatiblePackages":[{"name":"at.gv.bmf.bmf2go","versions":null}],"use":true,"requiresIntegrations":false,"options":[]},{"name":"Remove broadcasts restriction","description":"Enables starting/stopping NetGuard via broadcasts.","compatiblePackages":[{"name":"eu.faircode.netguard","versions":null}],"use":false,"requiresIntegrations":false,"options":[]},{"name":"Pro unlock","description":null,"compatiblePackages":[{"name":"com.backdrops.wallpapers","versions":["4.52"]}],"use":true,"requiresIntegrations":false,"options":[]},{"name":"Unlock pro","description":null,"compatiblePackages":[{"name":"com.candylink.openvpn","versions":null}],"use":true,"requiresIntegrations":false,"options":[]},{"name":"Predictive back gesture","description":"Enables the predictive back gesture introduced on Android 13.","compatiblePackages":null,"use":false,"requiresIntegrations":false,"options":[]},{"name":"Spoof Wi-Fi connection","description":"Spoofs an existing Wi-Fi connection.","compatiblePackages":null,"use":false,"requiresIntegrations":true,"options":[]},{"name":"Spoof SIM country","description":"Spoofs country information returned by the SIM card provider.","compatiblePackages":null,"use":false,"requiresIntegrations":false,"options":[{"key":"networkCountryIso","default":null,"values":{"Andorra":"AD","United Arab Emirates":"AE","Afghanistan":"AF","Antigua \u0026 Barbuda":"AG","Anguilla":"AI","Albania":"AL","Armenia":"AM","Angola":"AO","Antarctica":"AQ","Argentina":"AR","American Samoa":"AS","Austria":"AT","Australia":"AU","Aruba":"AW","Åland Islands":"AX","Azerbaijan":"AZ","Bosnia \u0026 Herzegovina":"BA","Barbados":"BB","Bangladesh":"BD","Belgium":"BE","Burkina Faso":"BF","Bulgaria":"BG","Bahrain":"BH","Burundi":"BI","Benin":"BJ","St. Barthélemy":"BL","Bermuda":"BM","Brunei":"BN","Bolivia":"BO","Caribbean Netherlands":"BQ","Brazil":"BR","Bahamas":"BS","Bhutan":"BT","Bouvet Island":"BV","Botswana":"BW","Belarus":"BY","Belize":"BZ","Canada":"CA","Cocos (Keeling) Islands":"CC","Congo - Kinshasa":"CD","Central African Republic":"CF","Congo - Brazzaville":"CG","Switzerland":"CH","Côte d’Ivoire":"CI","Cook Islands":"CK","Chile":"CL","Cameroon":"CM","China":"CN","Colombia":"CO","Costa Rica":"CR","Cuba":"CU","Cape Verde":"CV","Curaçao":"CW","Christmas Island":"CX","Cyprus":"CY","Czechia":"CZ","Germany":"DE","Djibouti":"DJ","Denmark":"DK","Dominica":"DM","Dominican Republic":"DO","Algeria":"DZ","Ecuador":"EC","Estonia":"EE","Egypt":"EG","Western Sahara":"EH","Eritrea":"ER","Spain":"ES","Ethiopia":"ET","Finland":"FI","Fiji":"FJ","Falkland Islands":"FK","Micronesia":"FM","Faroe Islands":"FO","France":"FR","Gabon":"GA","United Kingdom":"GB","Grenada":"GD","Georgia":"GE","French Guiana":"GF","Guernsey":"GG","Ghana":"GH","Gibraltar":"GI","Greenland":"GL","Gambia":"GM","Guinea":"GN","Guadeloupe":"GP","Equatorial Guinea":"GQ","Greece":"GR","South Georgia \u0026 South Sandwich Islands":"GS","Guatemala":"GT","Guam":"GU","Guinea-Bissau":"GW","Guyana":"GY","Hong Kong SAR China":"HK","Heard \u0026 McDonald Islands":"HM","Honduras":"HN","Croatia":"HR","Haiti":"HT","Hungary":"HU","Indonesia":"ID","Ireland":"IE","Israel":"IL","Isle of Man":"IM","India":"IN","British Indian Ocean Territory":"IO","Iraq":"IQ","Iran":"IR","Iceland":"IS","Italy":"IT","Jersey":"JE","Jamaica":"JM","Jordan":"JO","Japan":"JP","Kenya":"KE","Kyrgyzstan":"KG","Cambodia":"KH","Kiribati":"KI","Comoros":"KM","St. Kitts \u0026 Nevis":"KN","North Korea":"KP","South Korea":"KR","Kuwait":"KW","Cayman Islands":"KY","Kazakhstan":"KZ","Laos":"LA","Lebanon":"LB","St. Lucia":"LC","Liechtenstein":"LI","Sri Lanka":"LK","Liberia":"LR","Lesotho":"LS","Lithuania":"LT","Luxembourg":"LU","Latvia":"LV","Libya":"LY","Morocco":"MA","Monaco":"MC","Moldova":"MD","Montenegro":"ME","St. Martin":"MF","Madagascar":"MG","Marshall Islands":"MH","Macedonia":"MK","Mali":"ML","Myanmar (Burma)":"MM","Mongolia":"MN","Macau SAR China":"MO","Northern Mariana Islands":"MP","Martinique":"MQ","Mauritania":"MR","Montserrat":"MS","Malta":"MT","Mauritius":"MU","Maldives":"MV","Malawi":"MW","Mexico":"MX","Malaysia":"MY","Mozambique":"MZ","Namibia":"NA","New Caledonia":"NC","Niger":"NE","Norfolk Island":"NF","Nigeria":"NG","Nicaragua":"NI","Netherlands":"NL","Norway":"NO","Nepal":"NP","Nauru":"NR","Niue":"NU","New Zealand":"NZ","Oman":"OM","Panama":"PA","Peru":"PE","French Polynesia":"PF","Papua New Guinea":"PG","Philippines":"PH","Pakistan":"PK","Poland":"PL","St. Pierre \u0026 Miquelon":"PM","Pitcairn Islands":"PN","Puerto Rico":"PR","Palestinian Territories":"PS","Portugal":"PT","Palau":"PW","Paraguay":"PY","Qatar":"QA","Réunion":"RE","Romania":"RO","Serbia":"RS","Russia":"RU","Rwanda":"RW","Saudi Arabia":"SA","Solomon Islands":"SB","Seychelles":"SC","Sudan":"SD","Sweden":"SE","Singapore":"SG","St. Helena":"SH","Slovenia":"SI","Svalbard \u0026 Jan Mayen":"SJ","Slovakia":"SK","Sierra Leone":"SL","San Marino":"SM","Senegal":"SN","Somalia":"SO","Suriname":"SR","South Sudan":"SS","São Tomé \u0026 Príncipe":"ST","El Salvador":"SV","Sint Maarten":"SX","Syria":"SY","Swaziland":"SZ","Turks \u0026 Caicos Islands":"TC","Chad":"TD","French Southern Territories":"TF","Togo":"TG","Thailand":"TH","Tajikistan":"TJ","Tokelau":"TK","Timor-Leste":"TL","Turkmenistan":"TM","Tunisia":"TN","Tonga":"TO","Turkey":"TR","Trinidad \u0026 Tobago":"TT","Tuvalu":"TV","Taiwan":"TW","Tanzania":"TZ","Ukraine":"UA","Uganda":"UG","U.S. Outlying Islands":"UM","United States":"US","Uruguay":"UY","Uzbekistan":"UZ","Vatican City":"VA","St. Vincent \u0026 Grenadines":"VC","Venezuela":"VE","British Virgin Islands":"VG","U.S. Virgin Islands":"VI","Vietnam":"VN","Vanuatu":"VU","Wallis \u0026 Futuna":"WF","Samoa":"WS","Yemen":"YE","Mayotte":"YT","South Africa":"ZA","Zambia":"ZM","Zimbabwe":"ZW"},"title":"Network ISO Country Code","description":"ISO-3166-1 alpha-2 country code equivalent for the SIM provider\u0027s country code.","required":false},{"key":"simCountryIso","default":null,"values":{"Andorra":"AD","United Arab Emirates":"AE","Afghanistan":"AF","Antigua \u0026 Barbuda":"AG","Anguilla":"AI","Albania":"AL","Armenia":"AM","Angola":"AO","Antarctica":"AQ","Argentina":"AR","American Samoa":"AS","Austria":"AT","Australia":"AU","Aruba":"AW","Åland Islands":"AX","Azerbaijan":"AZ","Bosnia \u0026 Herzegovina":"BA","Barbados":"BB","Bangladesh":"BD","Belgium":"BE","Burkina Faso":"BF","Bulgaria":"BG","Bahrain":"BH","Burundi":"BI","Benin":"BJ","St. Barthélemy":"BL","Bermuda":"BM","Brunei":"BN","Bolivia":"BO","Caribbean Netherlands":"BQ","Brazil":"BR","Bahamas":"BS","Bhutan":"BT","Bouvet Island":"BV","Botswana":"BW","Belarus":"BY","Belize":"BZ","Canada":"CA","Cocos (Keeling) Islands":"CC","Congo - Kinshasa":"CD","Central African Republic":"CF","Congo - Brazzaville":"CG","Switzerland":"CH","Côte d’Ivoire":"CI","Cook Islands":"CK","Chile":"CL","Cameroon":"CM","China":"CN","Colombia":"CO","Costa Rica":"CR","Cuba":"CU","Cape Verde":"CV","Curaçao":"CW","Christmas Island":"CX","Cyprus":"CY","Czechia":"CZ","Germany":"DE","Djibouti":"DJ","Denmark":"DK","Dominica":"DM","Dominican Republic":"DO","Algeria":"DZ","Ecuador":"EC","Estonia":"EE","Egypt":"EG","Western Sahara":"EH","Eritrea":"ER","Spain":"ES","Ethiopia":"ET","Finland":"FI","Fiji":"FJ","Falkland Islands":"FK","Micronesia":"FM","Faroe Islands":"FO","France":"FR","Gabon":"GA","United Kingdom":"GB","Grenada":"GD","Georgia":"GE","French Guiana":"GF","Guernsey":"GG","Ghana":"GH","Gibraltar":"GI","Greenland":"GL","Gambia":"GM","Guinea":"GN","Guadeloupe":"GP","Equatorial Guinea":"GQ","Greece":"GR","South Georgia \u0026 South Sandwich Islands":"GS","Guatemala":"GT","Guam":"GU","Guinea-Bissau":"GW","Guyana":"GY","Hong Kong SAR China":"HK","Heard \u0026 McDonald Islands":"HM","Honduras":"HN","Croatia":"HR","Haiti":"HT","Hungary":"HU","Indonesia":"ID","Ireland":"IE","Israel":"IL","Isle of Man":"IM","India":"IN","British Indian Ocean Territory":"IO","Iraq":"IQ","Iran":"IR","Iceland":"IS","Italy":"IT","Jersey":"JE","Jamaica":"JM","Jordan":"JO","Japan":"JP","Kenya":"KE","Kyrgyzstan":"KG","Cambodia":"KH","Kiribati":"KI","Comoros":"KM","St. Kitts \u0026 Nevis":"KN","North Korea":"KP","South Korea":"KR","Kuwait":"KW","Cayman Islands":"KY","Kazakhstan":"KZ","Laos":"LA","Lebanon":"LB","St. Lucia":"LC","Liechtenstein":"LI","Sri Lanka":"LK","Liberia":"LR","Lesotho":"LS","Lithuania":"LT","Luxembourg":"LU","Latvia":"LV","Libya":"LY","Morocco":"MA","Monaco":"MC","Moldova":"MD","Montenegro":"ME","St. Martin":"MF","Madagascar":"MG","Marshall Islands":"MH","Macedonia":"MK","Mali":"ML","Myanmar (Burma)":"MM","Mongolia":"MN","Macau SAR China":"MO","Northern Mariana Islands":"MP","Martinique":"MQ","Mauritania":"MR","Montserrat":"MS","Malta":"MT","Mauritius":"MU","Maldives":"MV","Malawi":"MW","Mexico":"MX","Malaysia":"MY","Mozambique":"MZ","Namibia":"NA","New Caledonia":"NC","Niger":"NE","Norfolk Island":"NF","Nigeria":"NG","Nicaragua":"NI","Netherlands":"NL","Norway":"NO","Nepal":"NP","Nauru":"NR","Niue":"NU","New Zealand":"NZ","Oman":"OM","Panama":"PA","Peru":"PE","French Polynesia":"PF","Papua New Guinea":"PG","Philippines":"PH","Pakistan":"PK","Poland":"PL","St. Pierre \u0026 Miquelon":"PM","Pitcairn Islands":"PN","Puerto Rico":"PR","Palestinian Territories":"PS","Portugal":"PT","Palau":"PW","Paraguay":"PY","Qatar":"QA","Réunion":"RE","Romania":"RO","Serbia":"RS","Russia":"RU","Rwanda":"RW","Saudi Arabia":"SA","Solomon Islands":"SB","Seychelles":"SC","Sudan":"SD","Sweden":"SE","Singapore":"SG","St. Helena":"SH","Slovenia":"SI","Svalbard \u0026 Jan Mayen":"SJ","Slovakia":"SK","Sierra Leone":"SL","San Marino":"SM","Senegal":"SN","Somalia":"SO","Suriname":"SR","South Sudan":"SS","São Tomé \u0026 Príncipe":"ST","El Salvador":"SV","Sint Maarten":"SX","Syria":"SY","Swaziland":"SZ","Turks \u0026 Caicos Islands":"TC","Chad":"TD","French Southern Territories":"TF","Togo":"TG","Thailand":"TH","Tajikistan":"TJ","Tokelau":"TK","Timor-Leste":"TL","Turkmenistan":"TM","Tunisia":"TN","Tonga":"TO","Turkey":"TR","Trinidad \u0026 Tobago":"TT","Tuvalu":"TV","Taiwan":"TW","Tanzania":"TZ","Ukraine":"UA","Uganda":"UG","U.S. Outlying Islands":"UM","United States":"US","Uruguay":"UY","Uzbekistan":"UZ","Vatican City":"VA","St. Vincent \u0026 Grenadines":"VC","Venezuela":"VE","British Virgin Islands":"VG","U.S. Virgin Islands":"VI","Vietnam":"VN","Vanuatu":"VU","Wallis \u0026 Futuna":"WF","Samoa":"WS","Yemen":"YE","Mayotte":"YT","South Africa":"ZA","Zambia":"ZM","Zimbabwe":"ZW"},"title":"Sim ISO Country Code","description":"ISO-3166-1 alpha-2 country code equivalent for the SIM provider\u0027s country code.","required":false}]},{"name":"Override certificate pinning","description":"Overrides certificate pinning, allowing to inspect traffic via a proxy.","compatiblePackages":null,"use":false,"requiresIntegrations":false,"options":[]},{"name":"Enable Android debugging","description":"Enables Android debugging capabilities. This can slow down the app.","compatiblePackages":null,"use":false,"requiresIntegrations":false,"options":[]},{"name":"Change package name","description":"Appends \".revanced\" to the package name by default.","compatiblePackages":null,"use":false,"requiresIntegrations":false,"options":[{"key":"packageName","default":"Default","values":{"Default":"Default"},"title":"Package name","description":"The name of the package to rename the app to.","required":true}]},{"name":"Remove screenshot restriction","description":"Removes the restriction of taking screenshots in apps that normally wouldn\u0027t allow it.","compatiblePackages":null,"use":false,"requiresIntegrations":true,"options":[]},{"name":"Remove screen capture restriction","description":"Removes the restriction of capturing audio from apps that normally wouldn\u0027t allow it.","compatiblePackages":null,"use":false,"requiresIntegrations":true,"options":[]},{"name":"Export all activities","description":"Makes all app activities exportable.","compatiblePackages":null,"use":false,"requiresIntegrations":false,"options":[]},{"name":"Debug mode","description":"Enables Twitch\u0027s internal debugging mode.","compatiblePackages":[{"name":"tv.twitch.android.app","versions":null}],"use":false,"requiresIntegrations":false,"options":[]},{"name":"Block embedded ads","description":"Blocks embedded stream ads using services like Luminous or PurpleAdBlocker.","compatiblePackages":[{"name":"tv.twitch.android.app","versions":["15.4.1","16.1.0","16.9.1"]}],"use":true,"requiresIntegrations":false,"options":[]},{"name":"Block video ads","description":"Blocks video ads in streams and VODs.","compatiblePackages":[{"name":"tv.twitch.android.app","versions":["15.4.1","16.1.0","16.9.1"]}],"use":true,"requiresIntegrations":false,"options":[]},{"name":"Block audio ads","description":"Blocks audio ads in streams and VODs.","compatiblePackages":[{"name":"tv.twitch.android.app","versions":["15.4.1","16.1.0","16.9.1"]}],"use":true,"requiresIntegrations":false,"options":[]},{"name":"Settings","description":"Adds settings menu to Twitch.","compatiblePackages":[{"name":"tv.twitch.android.app","versions":["15.4.1","16.1.0","16.9.1"]}],"use":true,"requiresIntegrations":false,"options":[]},{"name":"Show deleted messages","description":"Shows deleted chat messages behind a clickable spoiler.","compatiblePackages":[{"name":"tv.twitch.android.app","versions":["15.4.1","16.1.0","16.9.1"]}],"use":true,"requiresIntegrations":false,"options":[]},{"name":"Auto claim channel points","description":"Automatically claim Channel Points.","compatiblePackages":[{"name":"tv.twitch.android.app","versions":["15.4.1","16.1.0","16.9.1"]}],"use":true,"requiresIntegrations":false,"options":[]},{"name":"Remove root detection","description":"Removes the check for root permissions and unlocked bootloader.","compatiblePackages":[{"name":"at.gv.oe.app","versions":["3.0.2"]}],"use":true,"requiresIntegrations":false,"options":[]},{"name":"Spoof signature","description":"Spoofs the signature of the app.","compatiblePackages":[{"name":"at.gv.oe.app","versions":["3.0.2"]}],"use":true,"requiresIntegrations":false,"options":[]},{"name":"Unlock pro","description":null,"compatiblePackages":[{"name":"tv.trakt.trakt","versions":["1.1.1"]}],"use":true,"requiresIntegrations":false,"options":[]},{"name":"Remove debugging detection","description":"Removes the USB and wireless debugging checks.","compatiblePackages":[{"name":"com.scb.phone","versions":null}],"use":false,"requiresIntegrations":false,"options":[]},{"name":"Disable ads","description":null,"compatiblePackages":[{"name":"com.myprog.hexedit","versions":null}],"use":true,"requiresIntegrations":false,"options":[]},{"name":"Unlock premium","description":null,"compatiblePackages":[{"name":"io.yuka.android","versions":["4.29"]}],"use":true,"requiresIntegrations":false,"options":[]},{"name":"Hide ads","description":"Removes general ads.","compatiblePackages":[{"name":"com.vanced.android.youtube","versions":null}],"use":true,"requiresIntegrations":false,"options":[]},{"name":"Hide timeline ads","description":"Removes ads from the timeline.","compatiblePackages":[{"name":"com.instagram.android","versions":["275.0.0.27.98"]}],"use":true,"requiresIntegrations":false,"options":[]},{"name":"Disable subscription suggestions","description":null,"compatiblePackages":[{"name":"com.strava","versions":["320.12"]}],"use":true,"requiresIntegrations":false,"options":[]},{"name":"Unlock subscription features","description":"Unlocks \"Routes\", \"Matched Runs\" and \"Segment Efforts\".","compatiblePackages":[{"name":"com.strava","versions":["320.12"]}],"use":true,"requiresIntegrations":false,"options":[]},{"name":"Unlock pro","description":"Unlocks pro features.","compatiblePackages":[{"name":"com.vsco.cam","versions":null}],"use":true,"requiresIntegrations":false,"options":[]},{"name":"Hide story ads","description":"Hides the ads in the Facebook app stories.","compatiblePackages":[{"name":"com.facebook.katana","versions":null}],"use":true,"requiresIntegrations":false,"options":[]},{"name":"Bypass root checks","description":"Removes the restriction to use the app with root permissions or on a custom ROM.","compatiblePackages":[{"name":"it.ipzs.cieid","versions":null}],"use":true,"requiresIntegrations":false,"options":[]},{"name":"Remove device restrictions","description":"Removes restrictions from using the app on any device. Requires mounting patched app over original.","compatiblePackages":[{"name":"com.google.android.apps.recorder","versions":null}],"use":true,"requiresIntegrations":false,"options":[]},{"name":"Show on lockscreen","description":"Shows student id and student ticket on lockscreen.","compatiblePackages":[{"name":"de.tudortmund.app","versions":null}],"use":true,"requiresIntegrations":true,"options":[]},{"name":"Unlock pro","description":null,"compatiblePackages":[{"name":"org.totschnig.myexpenses","versions":["3.4.9"]}],"use":true,"requiresIntegrations":false,"options":[]},{"name":"Unlock pro","description":"Unlocks all pro features.","compatiblePackages":[{"name":"co.windyapp.android","versions":null}],"use":true,"requiresIntegrations":false,"options":[]},{"name":"Unlock pro","description":null,"compatiblePackages":[{"name":"com.ithebk.expensemanager","versions":null}],"use":true,"requiresIntegrations":false,"options":[]},{"name":"Hide inbox ads","description":"Hides ads in inbox.","compatiblePackages":[{"name":"com.facebook.orca","versions":null}],"use":true,"requiresIntegrations":false,"options":[]},{"name":"Disable switching emoji to sticker","description":"Disables switching from emoji to sticker search mode in message input field.","compatiblePackages":[{"name":"com.facebook.orca","versions":null}],"use":true,"requiresIntegrations":false,"options":[]},{"name":"Disable typing indicator","description":"Disables the indicator while typing a message.","compatiblePackages":[{"name":"com.facebook.orca","versions":null}],"use":true,"requiresIntegrations":false,"options":[]},{"name":"Hide ads","description":"Hides ads.","compatiblePackages":[{"name":"com.twitter.android","versions":null}],"use":true,"requiresIntegrations":false,"options":[]},{"name":"Hide recommended users","description":null,"compatiblePackages":[{"name":"com.twitter.android","versions":null}],"use":true,"requiresIntegrations":false,"options":[]},{"name":"Dynamic color","description":"Replaces the default X (Formerly Twitter) Blue with the user\u0027s Material You palette.","compatiblePackages":[{"name":"com.twitter.android","versions":null}],"use":true,"requiresIntegrations":false,"options":[]},{"name":"Theme","description":"Applies a custom theme.","compatiblePackages":[{"name":"com.google.android.youtube","versions":["18.37.36","18.38.44","18.43.45","18.44.41","18.45.41","18.45.43"]}],"use":true,"requiresIntegrations":false,"options":[{"key":"darkThemeBackgroundColor","default":"@android:color/black","values":{"Amoled black":"@android:color/black","Material You":"@android:color/system_neutral1_900","Classic (old YouTube)":"#FF212121","Catppuccin (Mocha)":"#FF181825","Dark pink":"#FF290025","Dark blue":"#FF001029","Dark green":"#FF002905","Dark yellow":"#FF282900","Dark orange":"#FF291800","Dark red":"#FF290000"},"title":"Dark theme background color","description":"Can be a hex color (#AARRGGBB) or a color resource reference.","required":false},{"key":"lightThemeBackgroundColor","default":"@android:color/white","values":{"White":"@android:color/white","Material You":"@android:color/system_neutral1_50","Catppuccin (Latte)":"#FFE6E9EF","Light pink":"#FFFCCFF3","Light blue":"#FFD1E0FF","Light green":"#FFCCFFCC","Light yellow":"#FFFDFFCC","Light orange":"#FFFFE6CC","Light red":"#FFFFD6D6"},"title":"Light theme background color","description":"Can be a hex color (#AARRGGBB) or a color resource reference.","required":false}]},{"name":"Disable player popup panels","description":"Disables panels (such as live chat) from opening automatically.","compatiblePackages":[{"name":"com.google.android.youtube","versions":["18.32.39","18.37.36","18.38.44","18.43.45","18.44.41","18.45.41","18.45.43"]}],"use":true,"requiresIntegrations":false,"options":[]},{"name":"Disable resuming Shorts on startup","description":"Disables resuming the Shorts player on app startup if a Short was last opened.","compatiblePackages":[{"name":"com.google.android.youtube","versions":["18.32.39","18.37.36","18.38.44","18.43.45","18.44.41","18.45.41","18.45.43"]}],"use":true,"requiresIntegrations":false,"options":[]},{"name":"Tablet mini player","description":"Enables the tablet mini player layout.","compatiblePackages":[{"name":"com.google.android.youtube","versions":["18.32.39","18.37.36","18.38.44","18.43.45","18.44.41","18.45.41","18.45.43"]}],"use":true,"requiresIntegrations":false,"options":[]},{"name":"Hide autoplay button","description":"Hides the autoplay button in the video player.","compatiblePackages":[{"name":"com.google.android.youtube","versions":["18.32.39","18.37.36","18.38.44","18.43.45","18.44.41","18.45.41","18.45.43"]}],"use":true,"requiresIntegrations":false,"options":[]},{"name":"Hide captions button","description":"Hides the captions button in the video player.","compatiblePackages":[{"name":"com.google.android.youtube","versions":["18.32.39","18.37.36","18.38.44","18.43.45","18.44.41","18.45.41","18.45.43"]}],"use":true,"requiresIntegrations":false,"options":[]},{"name":"Hide video action buttons","description":"Adds options to hide action buttons under a video.","compatiblePackages":[{"name":"com.google.android.youtube","versions":["18.32.39","18.37.36","18.38.44","18.43.45","18.44.41","18.45.41","18.45.43"]}],"use":true,"requiresIntegrations":false,"options":[]},{"name":"Navigation buttons","description":"Adds options to hide or change navigation buttons.","compatiblePackages":[{"name":"com.google.android.youtube","versions":["18.32.39","18.37.36","18.38.44","18.43.45","18.44.41","18.45.41","18.45.43"]}],"use":true,"requiresIntegrations":false,"options":[]},{"name":"Hide player buttons","description":"Hides previous and next buttons in the video player.","compatiblePackages":[{"name":"com.google.android.youtube","versions":["18.32.39","18.37.36","18.38.44","18.43.45","18.44.41","18.45.41","18.45.43"]}],"use":true,"requiresIntegrations":false,"options":[]},{"name":"Hide cast button","description":"Hides the cast button in the video player.","compatiblePackages":[{"name":"com.google.android.youtube","versions":null}],"use":true,"requiresIntegrations":false,"options":[]},{"name":"Spoof app version","description":"Tricks YouTube into thinking you are running an older version of the app. This can be used to restore old UI elements and features.","compatiblePackages":[{"name":"com.google.android.youtube","versions":["18.32.39","18.37.36","18.38.44","18.43.45","18.44.41","18.45.41","18.45.43"]}],"use":true,"requiresIntegrations":false,"options":[]},{"name":"Disable auto captions","description":"Disable forced captions from being automatically enabled.","compatiblePackages":[{"name":"com.google.android.youtube","versions":["18.32.39","18.37.36","18.38.44","18.43.45","18.44.41","18.45.41","18.45.43"]}],"use":true,"requiresIntegrations":false,"options":[]},{"name":"Custom branding","description":"Changes the app name and icon to your choice (defaults to \"YouTube ReVanced\" and the ReVanced logo).","compatiblePackages":[{"name":"com.google.android.youtube","versions":null}],"use":false,"requiresIntegrations":false,"options":[{"key":"appName","default":"YouTube ReVanced","values":{"YouTube ReVanced":"YouTube ReVanced","YT ReVanced":"YT ReVanced","YT":"YT","YouTube":"YouTube"},"title":"App name","description":"The name of the app.","required":false},{"key":"iconPath","default":"ReVanced*Logo","values":{"ReVanced Logo":"ReVanced*Logo"},"title":"App icon","description":"The path to a folder containing the following folders:\n\n- mipmap-xxxhdpi\n- mipmap-xxhdpi\n- mipmap-xhdpi\n- mipmap-hdpi\n- mipmap-mdpi\n\nEach of these folders has to have the following files:\n\n- adaptiveproduct_youtube_background_color_108.png\n- adaptiveproduct_youtube_foreground_color_108.png\n- ic_launcher.png\n- ic_launcher_round.png","required":false}]},{"name":"Premium heading","description":"Show or hide the premium heading.","compatiblePackages":[{"name":"com.google.android.youtube","versions":null}],"use":true,"requiresIntegrations":false,"options":[{"key":"usePremiumHeading","default":true,"values":null,"title":"Use premium heading","description":"Whether to use the premium heading.","required":true}]},{"name":"Alternative thumbnails","description":"Adds options to replace video thumbnails with still image captures of the video.","compatiblePackages":[{"name":"com.google.android.youtube","versions":["18.32.39","18.37.36","18.38.44","18.43.45","18.44.41","18.45.41","18.45.43"]}],"use":true,"requiresIntegrations":false,"options":[]},{"name":"Enable tablet layout","description":"Spoofs the device form factor to a tablet which enables the tablet layout.","compatiblePackages":[{"name":"com.google.android.youtube","versions":null}],"use":true,"requiresIntegrations":false,"options":[]},{"name":"Return YouTube Dislike","description":"Shows the dislike count of videos using the Return YouTube Dislike API.","compatiblePackages":[{"name":"com.google.android.youtube","versions":["18.43.45","18.44.41","18.45.41","18.45.43"]}],"use":true,"requiresIntegrations":false,"options":[]},{"name":"Change start page","description":"Changes the start page of the app.","compatiblePackages":[{"name":"com.google.android.youtube","versions":null}],"use":true,"requiresIntegrations":false,"options":[]},{"name":"Custom player overlay opacity","description":"Change the opacity of the player background when player controls are visible.","compatiblePackages":[{"name":"com.google.android.youtube","versions":null}],"use":true,"requiresIntegrations":false,"options":[]},{"name":"Remove player controls background","description":"Removes the background from the video player controls.","compatiblePackages":[{"name":"com.google.android.youtube","versions":["18.32.39","18.37.36","18.38.44","18.43.45","18.44.41","18.45.41","18.45.43"]}],"use":false,"requiresIntegrations":false,"options":[]},{"name":"Comments","description":"Hides components related to comments.","compatiblePackages":[{"name":"com.google.android.youtube","versions":["18.32.39","18.37.36","18.38.44","18.43.45","18.44.41","18.45.41","18.45.43"]}],"use":true,"requiresIntegrations":false,"options":[]},{"name":"Hide info cards","description":"Hides info cards in videos.","compatiblePackages":[{"name":"com.google.android.youtube","versions":["18.32.39","18.37.36","18.38.44","18.43.45","18.44.41","18.45.41","18.45.43"]}],"use":true,"requiresIntegrations":false,"options":[]},{"name":"Hide floating microphone button","description":"Hides the floating microphone button which appears in search.","compatiblePackages":[{"name":"com.google.android.youtube","versions":["18.32.39","18.37.36","18.38.44","18.43.45","18.44.41","18.45.41","18.45.43"]}],"use":true,"requiresIntegrations":false,"options":[]},{"name":"Hide album cards","description":"Hides the album cards below the artist description.","compatiblePackages":[{"name":"com.google.android.youtube","versions":["18.32.39","18.37.36","18.38.44","18.43.45","18.44.41","18.45.41","18.45.43"]}],"use":true,"requiresIntegrations":false,"options":[]},{"name":"Hide crowdfunding box","description":"Hides the crowdfunding box between the player and video description.","compatiblePackages":[{"name":"com.google.android.youtube","versions":["18.32.39","18.37.36","18.38.44","18.43.45","18.44.41","18.45.41","18.45.43"]}],"use":true,"requiresIntegrations":false,"options":[]},{"name":"Player flyout menu","description":"Hides player flyout menu items.","compatiblePackages":[{"name":"com.google.android.youtube","versions":["18.32.39","18.37.36","18.38.44","18.43.45","18.44.41","18.45.41","18.45.43"]}],"use":true,"requiresIntegrations":false,"options":[]},{"name":"Hide breaking news shelf","description":"Hides the breaking news shelf on the homepage tab.","compatiblePackages":[{"name":"com.google.android.youtube","versions":["18.32.39","18.37.36","18.38.44","18.43.45","18.44.41","18.45.41","18.45.43"]}],"use":true,"requiresIntegrations":false,"options":[]},{"name":"Hide endscreen cards","description":"Hides the suggested video cards at the end of videos.","compatiblePackages":[{"name":"com.google.android.youtube","versions":["18.32.39","18.37.36","18.38.44","18.43.45","18.44.41","18.45.41","18.45.43"]}],"use":true,"requiresIntegrations":false,"options":[]},{"name":"Disable fullscreen ambient mode","description":"Disables the ambient mode when in fullscreen.","compatiblePackages":[{"name":"com.google.android.youtube","versions":["18.37.36","18.38.44","18.43.45","18.44.41","18.45.41","18.45.43"]}],"use":true,"requiresIntegrations":false,"options":[]},{"name":"Hide layout components","description":"Hides general layout components.","compatiblePackages":[{"name":"com.google.android.youtube","versions":["18.32.39","18.37.36","18.38.44","18.43.45","18.44.41","18.45.41","18.45.43"]}],"use":true,"requiresIntegrations":false,"options":[]},{"name":"Hide Shorts components","description":"Hides components from YouTube Shorts.","compatiblePackages":[{"name":"com.google.android.youtube","versions":["18.32.39","18.37.36","18.38.44","18.43.45","18.44.41","18.45.41","18.45.43"]}],"use":true,"requiresIntegrations":false,"options":[]},{"name":"Hide filter bar","description":"Hides the filter bar in video feeds.","compatiblePackages":[{"name":"com.google.android.youtube","versions":["18.32.39","18.37.36","18.38.44","18.43.45","18.44.41","18.45.41","18.45.43"]}],"use":true,"requiresIntegrations":false,"options":[]},{"name":"Hide \u0027Load more\u0027 button","description":"Hides the button under videos that loads similar videos.","compatiblePackages":[{"name":"com.google.android.youtube","versions":["18.32.39","18.37.36","18.38.44","18.43.45","18.44.41","18.45.41","18.45.43"]}],"use":true,"requiresIntegrations":false,"options":[]},{"name":"Disable rolling number animations","description":"Disables rolling number animations of video view count, user likes, and upload time.","compatiblePackages":[{"name":"com.google.android.youtube","versions":["18.43.45","18.44.41","18.45.41","18.45.43"]}],"use":true,"requiresIntegrations":false,"options":[]},{"name":"Hide seekbar","description":"Hides the seekbar.","compatiblePackages":[{"name":"com.google.android.youtube","versions":["18.32.39","18.37.36","18.38.44","18.43.45","18.44.41","18.45.41","18.45.43"]}],"use":true,"requiresIntegrations":false,"options":[]},{"name":"Hide timestamp","description":"Hides timestamp in video player.","compatiblePackages":[{"name":"com.google.android.youtube","versions":["18.32.39","18.37.36","18.38.44","18.43.45","18.44.41","18.45.41","18.45.43"]}],"use":true,"requiresIntegrations":false,"options":[]},{"name":"Disable suggested video end screen","description":"Disables the suggested video end screen at the end of a video.","compatiblePackages":[{"name":"com.google.android.youtube","versions":["18.37.36","18.38.44","18.43.45","18.44.41","18.45.41","18.45.43"]}],"use":true,"requiresIntegrations":false,"options":[]},{"name":"Wide searchbar","description":"Replaces the search icon with a wide search bar. This will hide the YouTube logo when active.","compatiblePackages":[{"name":"com.google.android.youtube","versions":["18.32.39","18.37.36","18.38.44","18.43.45","18.45.41","18.45.43"]}],"use":true,"requiresIntegrations":false,"options":[]},{"name":"Restore old seekbar thumbnails","description":"Restores the old seekbar thumbnails that appear above the seekbar instead of fullscreen thumbnails.","compatiblePackages":[{"name":"com.google.android.youtube","versions":["18.37.36","18.38.44","18.43.45","18.44.41","18.45.41","18.45.43"]}],"use":true,"requiresIntegrations":false,"options":[]},{"name":"SponsorBlock","description":"Integrates SponsorBlock, which can skip undesired video segments such as sponsored content.","compatiblePackages":[{"name":"com.google.android.youtube","versions":["18.32.39","18.37.36","18.38.44","18.43.45","18.44.41","18.45.41","18.45.43"]}],"use":true,"requiresIntegrations":false,"options":[]},{"name":"Remove viewer discretion dialog","description":"Removes the dialog that appears when you try to watch a video that has been age-restricted by accepting it automatically. This does not bypass the age restriction.","compatiblePackages":[{"name":"com.google.android.youtube","versions":null}],"use":true,"requiresIntegrations":false,"options":[]},{"name":"External downloads","description":"Adds support to download and save YouTube videos using an external app.","compatiblePackages":[{"name":"com.google.android.youtube","versions":["18.32.39","18.37.36","18.38.44","18.43.45","18.44.41","18.45.41","18.45.43"]}],"use":true,"requiresIntegrations":false,"options":[]},{"name":"Swipe controls","description":"Adds volume and brightness swipe controls.","compatiblePackages":[{"name":"com.google.android.youtube","versions":["18.32.39","18.37.36","18.38.44","18.43.45","18.44.41","18.45.41","18.45.43"]}],"use":true,"requiresIntegrations":false,"options":[]},{"name":"Copy video url","description":"Adds buttons in player to copy video links.","compatiblePackages":[{"name":"com.google.android.youtube","versions":["18.32.39","18.37.36","18.38.44","18.43.45","18.44.41","18.45.41","18.45.43"]}],"use":true,"requiresIntegrations":false,"options":[]},{"name":"Seekbar tapping","description":"Enables tap-to-seek on the seekbar of the video player.","compatiblePackages":[{"name":"com.google.android.youtube","versions":["18.43.45","18.44.41","18.45.41","18.45.43"]}],"use":true,"requiresIntegrations":false,"options":[]},{"name":"Disable precise seeking gesture","description":"Disables the gesture that is used to seek precisely when swiping up on the seekbar.","compatiblePackages":[{"name":"com.google.android.youtube","versions":["18.32.39","18.37.36","18.38.44","18.43.45","18.44.41","18.45.41","18.45.43"]}],"use":true,"requiresIntegrations":false,"options":[]},{"name":"Enable slide to seek","description":"Enable slide to seek instead of playing at 2x speed when pressing and holding in the video player.","compatiblePackages":[{"name":"com.google.android.youtube","versions":["18.43.45","18.44.41","18.45.41","18.45.43"]}],"use":true,"requiresIntegrations":false,"options":[]},{"name":"Remember video quality","description":"Adds the ability to remember the last video quality selected.","compatiblePackages":[{"name":"com.google.android.youtube","versions":["18.32.39","18.37.36","18.38.44","18.43.45","18.44.41","18.45.41","18.45.43"]}],"use":true,"requiresIntegrations":false,"options":[]},{"name":"HDR auto brightness","description":"Makes the brightness of HDR videos follow the system default.","compatiblePackages":[{"name":"com.google.android.youtube","versions":["18.32.39","18.37.36","18.38.44","18.43.45","18.44.41","18.45.41","18.45.43"]}],"use":true,"requiresIntegrations":false,"options":[]},{"name":"Restore old video quality menu","description":"Restores the old video quality with advanced video quality options.","compatiblePackages":[{"name":"com.google.android.youtube","versions":["18.32.39","18.37.36","18.38.44","18.43.45","18.44.41","18.45.41","18.45.43"]}],"use":true,"requiresIntegrations":false,"options":[]},{"name":"Playback speed","description":"Adds custom playback speeds and ability to remember the last playback speed selected.","compatiblePackages":[{"name":"com.google.android.youtube","versions":["18.32.39","18.37.36","18.38.44","18.43.45","18.44.41","18.45.41","18.45.43"]}],"use":true,"requiresIntegrations":false,"options":[]},{"name":"Video ads","description":"Removes ads in the video player.","compatiblePackages":[{"name":"com.google.android.youtube","versions":["18.32.39","18.37.36","18.38.44","18.43.45","18.44.41","18.45.41","18.45.43"]}],"use":true,"requiresIntegrations":false,"options":[]},{"name":"Hide ads","description":"Removes general ads.","compatiblePackages":[{"name":"com.google.android.youtube","versions":["18.32.39","18.37.36","18.38.44","18.43.45","18.44.41","18.45.41","18.45.43"]}],"use":true,"requiresIntegrations":false,"options":[]},{"name":"Minimized playback","description":"Enables minimized and background playback.","compatiblePackages":[{"name":"com.google.android.youtube","versions":["18.32.39","18.37.36","18.38.44","18.43.45","18.44.41","18.45.41","18.45.43"]}],"use":true,"requiresIntegrations":false,"options":[]},{"name":"Enable debugging","description":"Adds debugging options.","compatiblePackages":[{"name":"com.google.android.youtube","versions":null}],"use":true,"requiresIntegrations":false,"options":[]},{"name":"Open links externally","description":"Open links outside of the app directly in your browser.","compatiblePackages":[{"name":"com.google.android.youtube","versions":["18.32.39","18.37.36","18.38.44","18.43.45","18.44.41","18.45.41","18.45.43"]}],"use":true,"requiresIntegrations":false,"options":[]},{"name":"Bypass URL redirects","description":"Bypass URL redirects and open the original URL directly.","compatiblePackages":[{"name":"com.google.android.youtube","versions":["18.43.45","18.44.41","18.45.41","18.45.43"]}],"use":true,"requiresIntegrations":false,"options":[]},{"name":"Always autorepeat","description":"Always repeats the playing video again.","compatiblePackages":[{"name":"com.google.android.youtube","versions":["18.32.39","18.37.36","18.38.44","18.43.45","18.44.41","18.45.41","18.45.43"]}],"use":true,"requiresIntegrations":false,"options":[]},{"name":"Remove tracking query parameter","description":"Remove the tracking query parameter from links you share.","compatiblePackages":[{"name":"com.google.android.youtube","versions":["18.43.45","18.44.41","18.45.41","18.45.43"]}],"use":true,"requiresIntegrations":false,"options":[]},{"name":"Client spoof","description":"Spoofs the client to allow playback.","compatiblePackages":[{"name":"com.google.android.youtube","versions":["18.32.39","18.37.36","18.38.44","18.43.45","18.44.41","18.45.41","18.45.43"]}],"use":true,"requiresIntegrations":false,"options":[]},{"name":"GmsCore support","description":"Allows Google apps to run without root and under a different package name by using GmsCore instead of Google Play Services.","compatiblePackages":[{"name":"com.google.android.youtube","versions":["18.32.39","18.37.36","18.38.44","18.43.45","18.44.41","18.45.41","18.45.43"]}],"use":true,"requiresIntegrations":true,"options":[{"key":"gmsCoreVendor","default":"com.mgoogle","values":{"Vanced":"com.mgoogle","ReVanced":"app.revanced"},"title":"GmsCore Vendor","description":"The group id of the GmsCore vendor.","required":true}]},{"name":"Spoof device dimensions","description":"Spoofs the device dimensions in order to unlock higher video qualities that may not be available on your device.","compatiblePackages":[{"name":"com.google.android.youtube","versions":["18.38.44","18.43.45","18.44.41","18.45.41","18.45.43"]}],"use":true,"requiresIntegrations":false,"options":[]},{"name":"Announcements","description":"Shows ReVanced announcements on startup.","compatiblePackages":[{"name":"com.google.android.youtube","versions":null}],"use":true,"requiresIntegrations":false,"options":[]},{"name":"Disable zoom haptics","description":"Disables haptics when zooming.","compatiblePackages":[{"name":"com.google.android.youtube","versions":null}],"use":true,"requiresIntegrations":false,"options":[]},{"name":"Unlock premium Reddit icons","description":null,"compatiblePackages":[{"name":"com.reddit.frontpage","versions":null}],"use":true,"requiresIntegrations":false,"options":[]},{"name":"Disable screenshot popup","description":"Disables the popup that shows up when taking a screenshot.","compatiblePackages":[{"name":"com.reddit.frontpage","versions":null}],"use":true,"requiresIntegrations":false,"options":[]},{"name":"Hide ads","description":null,"compatiblePackages":[{"name":"com.reddit.frontpage","versions":null}],"use":true,"requiresIntegrations":true,"options":[]},{"name":"Sanitize sharing links","description":"Removes (tracking) query parameters from the URLs when sharing links.","compatiblePackages":[{"name":"com.reddit.frontpage","versions":null}],"use":true,"requiresIntegrations":false,"options":[]},{"name":"Disable ads","description":null,"compatiblePackages":[{"name":"o.o.joey","versions":null}],"use":true,"requiresIntegrations":false,"options":[]},{"name":"Spoof client","description":"Restores functionality of the app by using custom client ID.","compatiblePackages":[{"name":"o.o.joey","versions":null},{"name":"o.o.joey.pro","versions":null},{"name":"o.o.joey.dev","versions":null}],"use":true,"requiresIntegrations":false,"options":[{"key":"client-id","default":null,"values":null,"title":"OAuth client ID","description":"The Reddit OAuth client ID. You can get your client ID from https://www.reddit.com/prefs/apps. The application type has to be \"Installed app\" and the redirect URI has to be set to \"https://127.0.0.1:65023/authorize_callback\".","required":true}]},{"name":"Spoof client","description":"Restores functionality of the app by using custom client ID.","compatiblePackages":[{"name":"free.reddit.news","versions":null},{"name":"reddit.news","versions":null}],"use":true,"requiresIntegrations":false,"options":[{"key":"client-id","default":null,"values":null,"title":"OAuth client ID","description":"The Reddit OAuth client ID. You can get your client ID from https://www.reddit.com/prefs/apps. The application type has to be \"Installed app\" and the redirect URI has to be set to \"dbrady://relay\".","required":true}]},{"name":"Spoof client","description":"Restores functionality of the app by using custom client ID.","compatiblePackages":[{"name":"com.andrewshu.android.reddit","versions":null},{"name":"com.andrewshu.android.redditdonation","versions":null}],"use":true,"requiresIntegrations":false,"options":[{"key":"client-id","default":null,"values":null,"title":"OAuth client ID","description":"The Reddit OAuth client ID. You can get your client ID from https://www.reddit.com/prefs/apps. The application type has to be \"Installed app\" and the redirect URI has to be set to \"redditisfun://auth\".","required":true}]},{"name":"Spoof client","description":"Restores functionality of the app by using custom client ID.","compatiblePackages":[{"name":"com.onelouder.baconreader","versions":null},{"name":"com.onelouder.baconreader.premium","versions":null}],"use":true,"requiresIntegrations":false,"options":[{"key":"client-id","default":null,"values":null,"title":"OAuth client ID","description":"The Reddit OAuth client ID. You can get your client ID from https://www.reddit.com/prefs/apps. The application type has to be \"Installed app\" and the redirect URI has to be set to \"http://baconreader.com/auth\".","required":true}]},{"name":"Spoof client","description":"Restores functionality of the app by using custom client ID.","compatiblePackages":[{"name":"me.ccrama.redditslide","versions":null}],"use":true,"requiresIntegrations":false,"options":[{"key":"client-id","default":null,"values":null,"title":"OAuth client ID","description":"The Reddit OAuth client ID. You can get your client ID from https://www.reddit.com/prefs/apps. The application type has to be \"Installed app\" and the redirect URI has to be set to \"http://www.ccrama.me\".","required":true}]},{"name":"Spoof client","description":"Restores functionality of the app by using custom client ID.","compatiblePackages":[{"name":"com.rubenmayayo.reddit","versions":null}],"use":true,"requiresIntegrations":false,"options":[{"key":"client-id","default":null,"values":null,"title":"OAuth client ID","description":"The Reddit OAuth client ID. You can get your client ID from https://www.reddit.com/prefs/apps. The application type has to be \"Installed app\" and the redirect URI has to be set to \"http://rubenmayayo.com\".","required":true}]},{"name":"Disable ads","description":null,"compatiblePackages":[{"name":"com.laurencedawson.reddit_sync","versions":null}],"use":true,"requiresIntegrations":false,"options":[]},{"name":"Spoof client","description":"Restores functionality of the app by using custom client ID.","compatiblePackages":[{"name":"com.laurencedawson.reddit_sync","versions":null},{"name":"com.laurencedawson.reddit_sync.pro","versions":null},{"name":"com.laurencedawson.reddit_sync.dev","versions":null}],"use":true,"requiresIntegrations":false,"options":[{"key":"client-id","default":null,"values":null,"title":"OAuth client ID","description":"The Reddit OAuth client ID. You can get your client ID from https://www.reddit.com/prefs/apps. The application type has to be \"Installed app\" and the redirect URI has to be set to \"http://redditsync/auth\".","required":true}]},{"name":"Disable Sync for Lemmy bottom sheet","description":"Disables the bottom sheet at the startup that asks you to signup to \"Sync for Lemmy\".","compatiblePackages":[{"name":"com.laurencedawson.reddit_sync","versions":["v23.06.30-13:39"]},{"name":"com.laurencedawson.reddit_sync.pro","versions":null},{"name":"com.laurencedawson.reddit_sync.dev","versions":null}],"use":true,"requiresIntegrations":false,"options":[]},{"name":"Spoof client","description":"Restores functionality of the app by using custom client ID.","compatiblePackages":[{"name":"ml.docilealligator.infinityforreddit","versions":null}],"use":true,"requiresIntegrations":false,"options":[{"key":"client-id","default":null,"values":null,"title":"OAuth client ID","description":"The Reddit OAuth client ID. You can get your client ID from https://www.reddit.com/prefs/apps. The application type has to be \"Installed app\" and the redirect URI has to be set to \"infinity://localhost\".","required":true}]},{"name":"Unlock subscription","description":"Unlocks the subscription feature but requires a custom client ID.","compatiblePackages":[{"name":"ml.docilealligator.infinityforreddit","versions":null}],"use":true,"requiresIntegrations":false,"options":[]},{"name":"Unlock pro","description":null,"compatiblePackages":[{"name":"com.wakdev.apps.nfctools.se","versions":null}],"use":true,"requiresIntegrations":false,"options":[]},{"name":"Downloads","description":"Removes download restrictions and changes the default path to download to.","compatiblePackages":[{"name":"com.ss.android.ugc.trill","versions":["32.5.3"]},{"name":"com.zhiliaoapp.musically","versions":["32.5.3"]}],"use":true,"requiresIntegrations":false,"options":[]},{"name":"Remember clear display","description":"Remembers the clear display configurations in between videos.","compatiblePackages":[{"name":"com.ss.android.ugc.trill","versions":["32.5.3"]},{"name":"com.zhiliaoapp.musically","versions":["32.5.3"]}],"use":true,"requiresIntegrations":false,"options":[]},{"name":"Playback speed","description":"Enables the playback speed option for all videos.","compatiblePackages":[{"name":"com.ss.android.ugc.trill","versions":["32.5.3"]},{"name":"com.zhiliaoapp.musically","versions":["32.5.3"]}],"use":true,"requiresIntegrations":false,"options":[]},{"name":"Show seekbar","description":"Shows progress bar for all video.","compatiblePackages":[{"name":"com.ss.android.ugc.trill","versions":null},{"name":"com.zhiliaoapp.musically","versions":null}],"use":true,"requiresIntegrations":false,"options":[]},{"name":"SIM spoof","description":"Spoofs the information which is retrieved from the SIM card.","compatiblePackages":[{"name":"com.ss.android.ugc.trill","versions":null},{"name":"com.zhiliaoapp.musically","versions":null}],"use":false,"requiresIntegrations":false,"options":[]},{"name":"Fix Google login","description":"Allows logging in with a Google account.","compatiblePackages":[{"name":"com.ss.android.ugc.trill","versions":null},{"name":"com.zhiliaoapp.musically","versions":null}],"use":true,"requiresIntegrations":false,"options":[]},{"name":"Disable login requirement","description":null,"compatiblePackages":[{"name":"com.ss.android.ugc.trill","versions":null},{"name":"com.zhiliaoapp.musically","versions":null}],"use":true,"requiresIntegrations":false,"options":[]},{"name":"Settings","description":"Adds ReVanced settings to TikTok.","compatiblePackages":[{"name":"com.ss.android.ugc.trill","versions":["32.5.3"]},{"name":"com.zhiliaoapp.musically","versions":["32.5.3"]}],"use":true,"requiresIntegrations":false,"options":[]},{"name":"Feed filter","description":"Removes ads, livestreams, stories, image videos and videos with a specific amount of views or likes from the feed.","compatiblePackages":[{"name":"com.ss.android.ugc.trill","versions":["32.5.3"]},{"name":"com.zhiliaoapp.musically","versions":["32.5.3"]}],"use":true,"requiresIntegrations":false,"options":[]},{"name":"Unlock premium","description":null,"compatiblePackages":[{"name":"com.adobe.lrmobile","versions":null}],"use":true,"requiresIntegrations":false,"options":[]},{"name":"Disable mandatory login","description":null,"compatiblePackages":[{"name":"com.adobe.lrmobile","versions":null}],"use":true,"requiresIntegrations":false,"options":[]},{"name":"Unlock themes","description":"Unlocks all themes that are inaccessible until a certain level is reached.","compatiblePackages":[{"name":"com.ticktick.task","versions":null}],"use":true,"requiresIntegrations":false,"options":[]},{"name":"Unlock plus","description":null,"compatiblePackages":[{"name":"com.microblink.photomath","versions":["8.32.0"]}],"use":true,"requiresIntegrations":false,"options":[]},{"name":"Spoof device ID","description":"Spoofs device ID to mitigate manual bans by developers.","compatiblePackages":[{"name":"com.microblink.photomath","versions":["8.32.0"]}],"use":true,"requiresIntegrations":false,"options":[]},{"name":"Custom theme","description":"Applies a custom theme.","compatiblePackages":[{"name":"com.spotify.music","versions":null}],"use":true,"requiresIntegrations":false,"options":[{"key":"backgroundColor","default":"@android:color/black","values":null,"title":"Primary background color","description":"The background color. Can be a hex color or a resource reference.","required":true},{"key":"backgroundColorSecondary","default":"#ff282828","values":null,"title":"Secondary background color","description":"The secondary background color. (e.g. search box, artist \u0026 podcast). Can be a hex color or a resource reference.","required":true},{"key":"accentColor","default":"#ff1ed760","values":null,"title":"Accent color","description":"The accent color (\u0027Spotify green\u0027 by default). Can be a hex color or a resource reference.","required":true},{"key":"accentColorPressed","default":"#ff169c46","values":null,"title":"Pressed dark theme accent color","description":"The color when accented buttons are pressed, by default slightly darker than accent. Can be a hex color or a resource reference.","required":true}]},{"name":"Enable on demand","description":"Enables listening to songs on-demand, allowing to play any song from playlists, albums or artists without limitations. This does not remove ads.","compatiblePackages":[{"name":"com.spotify.lite","versions":null}],"use":true,"requiresIntegrations":false,"options":[]},{"name":"Hide premium navbar","description":"Removes the premium tab from the navbar.","compatiblePackages":[{"name":"com.spotify.music","versions":null}],"use":true,"requiresIntegrations":false,"options":[]},{"name":"Promo code unlock","description":"Disables the validation of promo code. Any code will work to unlock all features.","compatiblePackages":[{"name":"de.dwd.warnapp","versions":null}],"use":true,"requiresIntegrations":false,"options":[]},{"name":"Remove notification badge","description":"Removes the red notification badge from the activity tab.","compatiblePackages":[{"name":"com.sony.songpal.mdr","versions":["10.1.0"]}],"use":true,"requiresIntegrations":false,"options":[]},{"name":"Remove badge tab","description":"Removes the badge tab from the activity tab.","compatiblePackages":[{"name":"com.sony.songpal.mdr","versions":null}],"use":true,"requiresIntegrations":false,"options":[]},{"name":"Unlock pro","description":null,"compatiblePackages":[{"name":"com.zombodroid.MemeGenerator","versions":["4.6364","4.6370","4.6375","4.6377"]}],"use":true,"requiresIntegrations":false,"options":[]},{"name":"Remove root detection","description":"Removes the check for root permissions and unlocked bootloader.","compatiblePackages":[{"name":"at.gv.bka.serviceportal","versions":null}],"use":true,"requiresIntegrations":false,"options":[]},{"name":"Hide ads","description":null,"compatiblePackages":[{"name":"jp.pxv.android","versions":null}],"use":true,"requiresIntegrations":false,"options":[]},{"name":"Remove file size limit","description":"Allows opening files larger than 2 MB in the text editor.","compatiblePackages":[{"name":"pl.solidexplorer2","versions":null}],"use":true,"requiresIntegrations":false,"options":[]}]