[{"name":"Always autorepeat","description":"Always repeats the playing video again.","version":"0.0.0","excluded":false,"options":[],"dependencies":["Integrations"],"compatiblePackages":[{"name":"com.google.android.youtube","versions":["18.16.37","18.19.35","18.20.39","18.23.35"]}]},{"name":"Auto claim channel points","description":"Automatically claim Channel Points.","version":"0.0.0","excluded":false,"options":[],"dependencies":["Settings"],"compatiblePackages":[{"name":"tv.twitch.android.app","versions":["15.4.1"]}]},{"name":"Background play","description":"Enables playing music in the background.","version":"0.0.0","excluded":false,"options":[],"dependencies":[],"compatiblePackages":[{"name":"com.google.android.apps.youtube.music","versions":[]}]},{"name":"Block audio ads","description":"Blocks audio ads in streams and VODs.","version":"0.0.0","excluded":false,"options":[],"dependencies":["Integrations","Settings"],"compatiblePackages":[{"name":"tv.twitch.android.app","versions":["15.4.1"]}]},{"name":"Block embedded ads","description":"Blocks embedded stream ads using services like TTV.lol or PurpleAdBlocker.","version":"0.0.0","excluded":false,"options":[],"dependencies":["Block video ads","Integrations","Settings"],"compatiblePackages":[{"name":"tv.twitch.android.app","versions":["15.4.1"]}]},{"name":"Block video ads","description":"Blocks video ads in streams and VODs.","version":"0.0.0","excluded":false,"options":[],"dependencies":["Integrations","Settings"],"compatiblePackages":[{"name":"tv.twitch.android.app","versions":["15.4.1"]}]},{"name":"Bypass certificate checks","description":"Bypasses certificate checks which prevent YouTube Music from working on Android Auto.","version":"0.0.0","excluded":false,"options":[],"dependencies":[],"compatiblePackages":[{"name":"com.google.android.apps.youtube.music","versions":[]}]},{"name":"Change package name","description":"Changes the package name.","version":"0.0.0","excluded":true,"options":[{"key":"packageName","title":"Package name","description":"The name of the package to rename of the app.","required":false,"choices":null}],"dependencies":[],"compatiblePackages":[]},{"name":"Client spoof","description":"Spoofs the client to allow playback.","version":"0.0.0","excluded":false,"options":[],"dependencies":["Spoof signature verification"],"compatiblePackages":[{"name":"com.google.android.youtube","versions":["18.16.37","18.19.35","18.20.39","18.23.35"]}]},{"name":"Codecs unlock","description":"Adds more audio codec options. The new audio codecs usually result in better audio quality.","version":"0.0.0","excluded":false,"options":[],"dependencies":[],"compatiblePackages":[{"name":"com.google.android.apps.youtube.music","versions":[]}]},{"name":"Comments","description":"Hides components related to comments.","version":"0.0.0","excluded":false,"options":[],"dependencies":["Settings","LithoFilterPatch"],"compatiblePackages":[{"name":"com.google.android.youtube","versions":["18.16.37","18.19.35","18.20.39","18.23.35"]}]},{"name":"Compact header","description":"Hides the music category bar at the top of the homepage.","version":"0.0.0","excluded":true,"options":[],"dependencies":[],"compatiblePackages":[{"name":"com.google.android.apps.youtube.music","versions":[]}]},{"name":"Copy video url","description":"Adds buttons in player to copy video links.","version":"0.0.0","excluded":false,"options":[],"dependencies":["CopyVideoUrlResourcePatch","Player controls bytecode patch","Video information"],"compatiblePackages":[{"name":"com.google.android.youtube","versions":["18.16.37","18.19.35","18.20.39","18.23.35"]}]},{"name":"Custom branding","description":"Changes the YouTube launcher icon and name to your choice (defaults to ReVanced).","version":"0.0.0","excluded":false,"options":[{"key":"appName","title":"Application Name","description":"The name of the application it will show on your home screen.","required":true,"choices":null},{"key":"iconPath","title":"App Icon Path","description":"A path containing mipmap resource folders with icons.","required":false,"choices":null}],"dependencies":[],"compatiblePackages":[{"name":"com.google.android.youtube","versions":[]}]},{"name":"Debug mode","description":"Enables Twitch\u0027s internal debugging mode.","version":"0.0.0","excluded":true,"options":[],"dependencies":["Integrations","Settings"],"compatiblePackages":[{"name":"tv.twitch.android.app","versions":[]}]},{"name":"Disable Shorts on startup","description":"Disables playing YouTube Shorts when launching YouTube.","version":"0.0.0","excluded":false,"options":[],"dependencies":["Integrations","Settings"],"compatiblePackages":[{"name":"com.google.android.youtube","versions":["18.16.37","18.19.35","18.20.39","18.23.35"]}]},{"name":"Disable Sync for Lemmy bottom sheet","description":"Disables the bottom sheet at the startup that asks you to signup to \"Sync for Lemmy\".","version":"0.0.0","excluded":false,"options":[],"dependencies":[],"compatiblePackages":[{"name":"com.laurencedawson.reddit_sync","versions":["v23.06.30-13:39"]},{"name":"com.laurencedawson.reddit_sync.pro","versions":[]},{"name":"com.laurencedawson.reddit_sync.dev","versions":[]}]},{"name":"Disable ads","description":"Disables ads in HexEditor.","version":"0.0.0","excluded":false,"options":[],"dependencies":[],"compatiblePackages":[{"name":"com.myprog.hexedit","versions":[]}]},{"name":"Disable ads","description":"This patch has no description.","version":"0.0.0","excluded":false,"options":[],"dependencies":["DisablePiracyDetectionPatch"],"compatiblePackages":[{"name":"com.laurencedawson.reddit_sync","versions":[]}]},{"name":"Disable ads","description":"This patch has no description.","version":"0.0.0","excluded":false,"options":[],"dependencies":["DisablePiracyDetectionPatch"],"compatiblePackages":[{"name":"o.o.joey","versions":[]}]},{"name":"Disable auto captions","description":"Disable forced captions from being automatically enabled.","version":"0.0.0","excluded":false,"options":[],"dependencies":["Integrations","Settings"],"compatiblePackages":[{"name":"com.google.android.youtube","versions":["18.16.37","18.19.35","18.20.39","18.23.35"]}]},{"name":"Disable fullscreen panels","description":"Disables video description and comments panel in fullscreen view.","version":"0.0.0","excluded":false,"options":[],"dependencies":["Integrations","Settings"],"compatiblePackages":[{"name":"com.google.android.youtube","versions":["18.16.37","18.19.35","18.20.39","18.23.35"]}]},{"name":"Disable login requirement","description":"Do not force login.","version":"0.0.0","excluded":false,"options":[],"dependencies":[],"compatiblePackages":[{"name":"com.ss.android.ugc.trill","versions":[]},{"name":"com.zhiliaoapp.musically","versions":[]}]},{"name":"Disable player popup panels","description":"Disables panels from appearing automatically when going into fullscreen (playlist or live chat).","version":"0.0.0","excluded":false,"options":[],"dependencies":["Integrations","Settings"],"compatiblePackages":[{"name":"com.google.android.youtube","versions":["18.16.37","18.19.35","18.20.39","18.23.35"]}]},{"name":"Disable screenshot popup","description":"Disables the popup that shows up when taking a screenshot.","version":"0.0.0","excluded":false,"options":[],"dependencies":[],"compatiblePackages":[{"name":"com.reddit.frontpage","versions":[]}]},{"name":"Disable switching emoji to sticker in message input field","description":"Disables switching from emoji to sticker search mode in message input field","version":"0.0.0","excluded":false,"options":[],"dependencies":[],"compatiblePackages":[{"name":"com.facebook.orca","versions":[]}]},{"name":"Disable typing indicator","description":"Disables the indicator while typing a message","version":"0.0.0","excluded":false,"options":[],"dependencies":[],"compatiblePackages":[{"name":"com.facebook.orca","versions":[]}]},{"name":"Disable zoom haptics","description":"Disables haptics when zooming.","version":"0.0.0","excluded":false,"options":[],"dependencies":["Settings"],"compatiblePackages":[{"name":"com.google.android.youtube","versions":[]}]},{"name":"Downloads","description":"Removes download restrictions and changes the default path to download to.","version":"0.0.0","excluded":false,"options":[],"dependencies":["Integrations","Settings"],"compatiblePackages":[{"name":"com.ss.android.ugc.trill","versions":[]},{"name":"com.zhiliaoapp.musically","versions":[]}]},{"name":"Dynamic color","description":"Replaces the default Twitter Blue with the users Material You palette.","version":"0.0.0","excluded":false,"options":[],"dependencies":[],"compatiblePackages":[{"name":"com.twitter.android","versions":[]}]},{"name":"Enable android debugging","description":"Enables Android debugging capabilities.","version":"0.0.0","excluded":true,"options":[],"dependencies":[],"compatiblePackages":[]},{"name":"Enable debugging","description":"Adds debugging options.","version":"0.0.0","excluded":false,"options":[],"dependencies":["Integrations","Settings"],"compatiblePackages":[{"name":"com.google.android.youtube","versions":[]}]},{"name":"Enable on demand","description":"Enables listening to songs on-demand, allowing to play any song from playlists, albums or artists without limitations. This does not remove ads.","version":"0.0.0","excluded":false,"options":[],"dependencies":[],"compatiblePackages":[{"name":"com.spotify.lite","versions":[]}]},{"name":"Exclusive audio playback","description":"Enables the option to play music without video.","version":"0.0.0","excluded":false,"options":[],"dependencies":[],"compatiblePackages":[{"name":"com.google.android.apps.youtube.music","versions":[]}]},{"name":"Export all activities","description":"Makes all app activities exportable.","version":"0.0.0","excluded":true,"options":[],"dependencies":[],"compatiblePackages":[]},{"name":"External downloads","description":"Adds support to download and save YouTube videos using an external app.","version":"0.0.0","excluded":false,"options":[],"dependencies":["ExternalDownloadsResourcePatch","Player controls bytecode patch","Video information"],"compatiblePackages":[{"name":"com.google.android.youtube","versions":["18.16.37","18.19.35","18.20.39","18.23.35"]}]},{"name":"Feed filter","description":"Filters tiktok videos: removing ads, removing livestreams.","version":"0.0.0","excluded":false,"options":[],"dependencies":["Integrations","Settings"],"compatiblePackages":[{"name":"com.ss.android.ugc.trill","versions":[]},{"name":"com.zhiliaoapp.musically","versions":[]}]},{"name":"Fix google login","description":"Allows logging in with a Google account.","version":"0.0.0","excluded":false,"options":[],"dependencies":[],"compatiblePackages":[{"name":"com.ss.android.ugc.trill","versions":[]},{"name":"com.zhiliaoapp.musically","versions":[]}]},{"name":"HDR auto brightness","description":"Makes the brightness of HDR videos follow the system default.","version":"0.0.0","excluded":false,"options":[],"dependencies":["Integrations","Settings"],"compatiblePackages":[{"name":"com.google.android.youtube","versions":["18.16.37","18.19.35","18.20.39","18.23.35"]}]},{"name":"Hide Shorts components","description":"Hides components from YouTube Shorts.","version":"0.0.0","excluded":false,"options":[],"dependencies":["Integrations","LithoFilterPatch","HideShortsComponentsResourcePatch","ResourceMappingPatch"],"compatiblePackages":[{"name":"com.google.android.youtube","versions":["18.16.37","18.19.35","18.20.39","18.23.35"]}]},{"name":"Hide ads","description":"Removes ads from Inshorts.","version":"0.0.0","excluded":false,"options":[],"dependencies":[],"compatiblePackages":[{"name":"com.nis.app","versions":[]}]},{"name":"Hide ads","description":"Removes ads from TikTok.","version":"0.0.0","excluded":false,"options":[],"dependencies":[],"compatiblePackages":[{"name":"com.ss.android.ugc.trill","versions":[]},{"name":"com.zhiliaoapp.musically","versions":[]}]},{"name":"Hide ads","description":"Hides ads.","version":"0.0.0","excluded":false,"options":[],"dependencies":[],"compatiblePackages":[{"name":"jp.pxv.android","versions":[]}]},{"name":"Hide ads","description":"Removes general ads.","version":"0.0.0","excluded":false,"options":[],"dependencies":["VerticalScrollPatch"],"compatiblePackages":[{"name":"com.vanced.android.youtube","versions":[]}]},{"name":"Hide ads","description":"Hides ads.","version":"0.0.0","excluded":false,"options":[],"dependencies":["Json hook"],"compatiblePackages":[{"name":"com.twitter.android","versions":[]}]},{"name":"Hide ads","description":"Removes general ads.","version":"0.0.0","excluded":false,"options":[],"dependencies":["Hide get premium","HideAdsResourcePatch","VerticalScrollPatch","FixBackToExitGesturePatch"],"compatiblePackages":[{"name":"com.google.android.youtube","versions":["18.16.37","18.19.35","18.20.39","18.23.35"]}]},{"name":"Hide ads","description":"Removes ads from the Reddit.","version":"0.0.0","excluded":false,"options":[],"dependencies":["Hide subreddit banner","Hide comment ads"],"compatiblePackages":[{"name":"com.reddit.frontpage","versions":[]}]},{"name":"Hide album cards","description":"Hides the album cards below the artist description.","version":"0.0.0","excluded":false,"options":[],"dependencies":["Integrations","AlbumCardsResourcePatch"],"compatiblePackages":[{"name":"com.google.android.youtube","versions":["18.16.37","18.19.35","18.20.39","18.23.35"]}]},{"name":"Hide autoplay button","description":"Hides the autoplay button in the video player.","version":"0.0.0","excluded":false,"options":[],"dependencies":["Integrations","Settings","ResourceMappingPatch"],"compatiblePackages":[{"name":"com.google.android.youtube","versions":["18.16.37","18.19.35","18.20.39","18.23.35"]}]},{"name":"Hide breaking news shelf","description":"Hides the breaking news shelf on the homepage tab.","version":"0.0.0","excluded":false,"options":[],"dependencies":["Integrations","BreakingNewsResourcePatch"],"compatiblePackages":[{"name":"com.google.android.youtube","versions":["18.16.37","18.19.35","18.20.39","18.23.35"]}]},{"name":"Hide captions button","description":"Hides the captions button on video player.","version":"0.0.0","excluded":false,"options":[],"dependencies":["Integrations","Settings"],"compatiblePackages":[{"name":"com.google.android.youtube","versions":["18.16.37","18.19.35","18.20.39","18.23.35"]}]},{"name":"Hide cast button","description":"Hides the cast button in the video player.","version":"0.0.0","excluded":false,"options":[],"dependencies":["Integrations","Settings"],"compatiblePackages":[{"name":"com.google.android.youtube","versions":[]}]},{"name":"Hide crowdfunding box","description":"Hides the crowdfunding box between the player and video description.","version":"0.0.0","excluded":false,"options":[],"dependencies":["Integrations","CrowdfundingBoxResourcePatch"],"compatiblePackages":[{"name":"com.google.android.youtube","versions":["18.16.37","18.19.35","18.20.39","18.23.35"]}]},{"name":"Hide email address","description":"Hides the email address in the account switcher.","version":"0.0.0","excluded":false,"options":[],"dependencies":["Integrations","HideEmailAddressResourcePatch"],"compatiblePackages":[{"name":"com.google.android.youtube","versions":["18.16.37","18.19.35","18.20.39","18.23.35"]}]},{"name":"Hide endscreen cards","description":"Hides the suggested video cards at the end of a video in fullscreen.","version":"0.0.0","excluded":false,"options":[],"dependencies":["Integrations","HideEndscreenCardsResourcePatch"],"compatiblePackages":[{"name":"com.google.android.youtube","versions":["18.16.37","18.19.35","18.20.39","18.23.35"]}]},{"name":"Hide filter bar","description":"Hides the filter bar in video feeds.","version":"0.0.0","excluded":false,"options":[],"dependencies":["HideFilterBarResourcePatch"],"compatiblePackages":[{"name":"com.google.android.youtube","versions":["18.16.37","18.19.35","18.20.39","18.23.35"]}]},{"name":"Hide floating microphone button","description":"Hides the floating microphone button which appears in search.","version":"0.0.0","excluded":false,"options":[],"dependencies":["HideFloatingMicrophoneButtonResourcePatch"],"compatiblePackages":[{"name":"com.google.android.youtube","versions":["18.16.37","18.19.35","18.20.39","18.23.35"]}]},{"name":"Hide get premium","description":"Removes all \"Get Premium\" evidences from the avatar menu.","version":"0.0.0","excluded":false,"options":[],"dependencies":[],"compatiblePackages":[{"name":"com.google.android.apps.youtube.music","versions":[]}]},{"name":"Hide inbox ads","description":"Hides ads in inbox.","version":"0.0.0","excluded":false,"options":[],"dependencies":[],"compatiblePackages":[{"name":"com.facebook.orca","versions":[]}]},{"name":"Hide info cards","description":"Hides info cards in videos.","version":"0.0.0","excluded":false,"options":[],"dependencies":["Integrations","HideInfocardsResourcePatch"],"compatiblePackages":[{"name":"com.google.android.youtube","versions":["18.16.37","18.19.35","18.20.39","18.23.35"]}]},{"name":"Hide layout components","description":"Hides general layout components.","version":"0.0.0","excluded":false,"options":[],"dependencies":["LithoFilterPatch","Settings"],"compatiblePackages":[{"name":"com.google.android.youtube","versions":["18.16.37","18.19.35","18.20.39","18.23.35"]}]},{"name":"Hide load more button","description":"Hides the button under videos that loads similar videos.","version":"0.0.0","excluded":false,"options":[],"dependencies":["HideLoadMoreButtonResourcePatch"],"compatiblePackages":[{"name":"com.google.android.youtube","versions":["18.16.37","18.19.35","18.20.39","18.23.35"]}]},{"name":"Hide player buttons","description":"Adds the option to hide video player previous and next buttons.","version":"0.0.0","excluded":false,"options":[],"dependencies":["Integrations","Settings"],"compatiblePackages":[{"name":"com.google.android.youtube","versions":["18.16.37","18.19.35","18.20.39","18.23.35"]}]},{"name":"Hide player overlay","description":"Hides the dark background overlay from the player when player controls are visible.","version":"0.0.0","excluded":false,"options":[],"dependencies":["HidePlayerOverlayResourcePatch"],"compatiblePackages":[{"name":"com.google.android.youtube","versions":[]}]},{"name":"Hide premium navbar","description":"Removes the premium tab from the navbar.","version":"0.0.0","excluded":false,"options":[],"dependencies":["ResourceMappingPatch"],"compatiblePackages":[{"name":"com.spotify.music","versions":[]}]},{"name":"Hide recommended users","description":"Hides recommended users.","version":"0.0.0","excluded":false,"options":[],"dependencies":["Json hook"],"compatiblePackages":[{"name":"com.twitter.android","versions":[]}]},{"name":"Hide seekbar","description":"Hides the seekbar.","version":"0.0.0","excluded":false,"options":[],"dependencies":["Integrations","Settings","SeekbarColorBytecodePatch","SeekbarPreferencesPatch"],"compatiblePackages":[{"name":"com.google.android.youtube","versions":["18.16.37","18.19.35","18.20.39","18.23.35"]}]},{"name":"Hide timeline ads","description":"Removes ads from the timeline.","version":"0.0.0","excluded":false,"options":[],"dependencies":[],"compatiblePackages":[{"name":"com.instagram.android","versions":["275.0.0.27.98"]}]},{"name":"Hide timestamp","description":"Hides timestamp in video player.","version":"0.0.0","excluded":false,"options":[],"dependencies":["Integrations","Settings"],"compatiblePackages":[{"name":"com.google.android.youtube","versions":["18.16.37","18.19.35","18.20.39","18.23.35"]}]},{"name":"Hide video action buttons","description":"Adds the options to hide action buttons under a video.","version":"0.0.0","excluded":false,"options":[],"dependencies":["ResourceMappingPatch","LithoFilterPatch"],"compatiblePackages":[{"name":"com.google.android.youtube","versions":["18.16.37","18.19.35","18.20.39","18.23.35"]}]},{"name":"Hide watermark","description":"Hides creator\u0027s watermarks on videos.","version":"0.0.0","excluded":false,"options":[],"dependencies":["Integrations","Settings"],"compatiblePackages":[{"name":"com.google.android.youtube","versions":["18.16.37","18.19.35","18.20.39","18.23.35"]}]},{"name":"Minimized playback","description":"Enables minimized and background playback.","version":"0.0.0","excluded":false,"options":[],"dependencies":["Integrations","Player type hook","Settings"],"compatiblePackages":[{"name":"com.google.android.youtube","versions":["18.16.37","18.19.35","18.20.39","18.23.35"]}]},{"name":"Minimized playback music","description":"Enables minimized playback on Kids music.","version":"0.0.0","excluded":false,"options":[],"dependencies":[],"compatiblePackages":[{"name":"com.google.android.apps.youtube.music","versions":[]}]},{"name":"Music video ads","description":"Removes ads in the music player.","version":"0.0.0","excluded":false,"options":[],"dependencies":[],"compatiblePackages":[{"name":"com.google.android.apps.youtube.music","versions":[]}]},{"name":"Navigation buttons","description":"Adds options to hide or change navigation buttons.","version":"0.0.0","excluded":false,"options":[],"dependencies":["Integrations","Settings","ResolvePivotBarFingerprintsPatch"],"compatiblePackages":[{"name":"com.google.android.youtube","versions":["18.16.37","18.19.35","18.20.39","18.23.35"]}]},{"name":"Old video quality menu","description":"Shows the old video quality with the advanced video quality options instead of the new one.","version":"0.0.0","excluded":false,"options":[],"dependencies":["Integrations","OldVideoQualityMenuResourcePatch","LithoFilterPatch","BottomSheetHookPatch"],"compatiblePackages":[{"name":"com.google.android.youtube","versions":["18.20.39","18.23.35"]}]},{"name":"Open links externally","description":"Open links outside of the app directly in your browser.","version":"0.0.0","excluded":false,"options":[],"dependencies":[],"compatiblePackages":[{"name":"com.google.android.youtube","versions":["18.16.37","18.19.35","18.20.39","18.23.35"]}]},{"name":"Playback speed","description":"Enables the playback speed option for all videos.","version":"0.0.0","excluded":false,"options":[],"dependencies":[],"compatiblePackages":[{"name":"com.ss.android.ugc.trill","versions":[]},{"name":"com.zhiliaoapp.musically","versions":[]}]},{"name":"Playback speed","description":"Adds custom playback speeds and ability to remember the playback speed you chose in the video playback speed flyout.","version":"0.0.0","excluded":false,"options":[],"dependencies":["Custom playback speed","Remember playback speed"],"compatiblePackages":[{"name":"com.google.android.youtube","versions":["18.20.39","18.23.35"]}]},{"name":"Player flyout menu","description":"Hides player flyout menu items.","version":"0.0.0","excluded":false,"options":[],"dependencies":["LithoFilterPatch","Settings"],"compatiblePackages":[{"name":"com.google.android.youtube","versions":["18.16.37","18.19.35","18.20.39","18.23.35"]}]},{"name":"Predictive back gesture","description":"Enables the predictive back gesture introduced on Android 13.","version":"0.0.0","excluded":true,"options":[],"dependencies":[],"compatiblePackages":[]},{"name":"Premium heading","description":"Shows premium branding on the home screen.","version":"0.0.0","excluded":false,"options":[],"dependencies":[],"compatiblePackages":[{"name":"com.google.android.youtube","versions":[]}]},{"name":"Premium icon reddit","description":"Unlocks premium Reddit app icons.","version":"0.0.0","excluded":false,"options":[],"dependencies":[],"compatiblePackages":[{"name":"com.reddit.frontpage","versions":[]}]},{"name":"Pro unlock","description":"Unlocks pro-only functions.","version":"0.0.0","excluded":false,"options":[],"dependencies":[],"compatiblePackages":[{"name":"com.backdrops.wallpapers","versions":["4.52"]}]},{"name":"Promo code unlock","description":"Disables the validation of promo code. Any code will work to unlock all features.","version":"0.0.0","excluded":false,"options":[],"dependencies":["Spoof cert patch"],"compatiblePackages":[{"name":"de.dwd.warnapp","versions":[]}]},{"name":"Remember video quality","description":"Adds the ability to remember the video quality you chose in the video quality flyout.","version":"0.0.0","excluded":false,"options":[],"dependencies":["Integrations","Video information","Settings"],"compatiblePackages":[{"name":"com.google.android.youtube","versions":["18.19.35","18.20.39","18.23.35"]}]},{"name":"Remove ads","description":"Removes all ads from the app.","version":"0.0.0","excluded":false,"options":[],"dependencies":[],"compatiblePackages":[{"name":"net.binarymode.android.irplus","versions":[]}]},{"name":"Remove badge tab","description":"Removes the badge tab from the activity tab.","version":"0.0.0","excluded":false,"options":[],"dependencies":[],"compatiblePackages":[{"name":"com.sony.songpal.mdr","versions":[]}]},{"name":"Remove bootloader detection","description":"Removes the check for an unlocked bootloader.","version":"0.0.0","excluded":false,"options":[],"dependencies":[],"compatiblePackages":[{"name":"at.gv.bmf.bmf2go","versions":[]}]},{"name":"Remove broadcasts restriction","description":"Enables starting/stopping NetGuard via broadcasts.","version":"0.0.0","excluded":true,"options":[],"dependencies":[],"compatiblePackages":[{"name":"eu.faircode.netguard","versions":[]}]},{"name":"Remove debugging detection","description":"Removes the USB and wireless debugging checks.","version":"0.0.0","excluded":true,"options":[],"dependencies":[],"compatiblePackages":[{"name":"com.scb.phone","versions":[]}]},{"name":"Remove device restrictions","description":"Removes restrictions from using the app on any device.","version":"0.0.0","excluded":false,"options":[],"dependencies":[],"compatiblePackages":[{"name":"com.google.android.apps.recorder","versions":[]}]},{"name":"Remove notification badge","description":"Removes the red notification badge from the activity tab.","version":"0.0.0","excluded":false,"options":[],"dependencies":[],"compatiblePackages":[{"name":"com.sony.songpal.mdr","versions":[]}]},{"name":"Remove player controls background","description":"Removes the background from the video player controls.","version":"0.0.0","excluded":true,"options":[],"dependencies":[],"compatiblePackages":[{"name":"com.google.android.youtube","versions":["18.16.37","18.19.35","18.20.39","18.23.35"]}]},{"name":"Remove root detection","description":"Removes the check for root permissions.","version":"0.0.0","excluded":false,"options":[],"dependencies":[],"compatiblePackages":[{"name":"at.gv.bmf.bmf2go","versions":[]}]},{"name":"Remove root detection","description":"Removes the check for root permissions and unlocked bootloader.","version":"0.0.0","excluded":false,"options":[],"dependencies":[],"compatiblePackages":[{"name":"at.gv.oe.app","versions":[]}]},{"name":"Remove screen capture restriction","description":"Removes the restriction of capturing audio from apps that normally wouldn\u0027t allow it.","version":"0.0.0","excluded":true,"options":[],"dependencies":["RemoveCaptureRestrictionResourcePatch"],"compatiblePackages":[]},{"name":"Remove screenshot restriction","description":"Removes the restriction of taking screenshots in apps that normally wouldn\u0027t allow it.","version":"0.0.0","excluded":true,"options":[],"dependencies":[],"compatiblePackages":[]},{"name":"Return YouTube Dislike","description":"Shows the dislike count of videos using the Return YouTube Dislike API.","version":"0.0.0","excluded":false,"options":[],"dependencies":["Integrations","Video id hook","ReturnYouTubeDislikeResourcePatch","Player type hook"],"compatiblePackages":[{"name":"com.google.android.youtube","versions":["18.16.37","18.19.35","18.20.39","18.23.35"]}]},{"name":"Sanitize sharing links","description":"Removes (tracking) query parameters from the URLs when sharing links.","version":"0.0.0","excluded":false,"options":[],"dependencies":[],"compatiblePackages":[{"name":"com.reddit.frontpage","versions":[]}]},{"name":"Seekbar tapping","description":"Enables tap-to-seek on the seekbar of the video player.","version":"0.0.0","excluded":false,"options":[],"dependencies":["Integrations","EnableSeekbarTappingResourcePatch"],"compatiblePackages":[{"name":"com.google.android.youtube","versions":["18.16.37","18.19.35","18.20.39","18.23.35"]}]},{"name":"Settings","description":"Adds ReVanced settings to TikTok.","version":"0.0.0","excluded":false,"options":[],"dependencies":["Integrations"],"compatiblePackages":[{"name":"com.ss.android.ugc.trill","versions":[]},{"name":"com.zhiliaoapp.musically","versions":[]}]},{"name":"Settings","description":"Adds settings menu to Twitch.","version":"0.0.0","excluded":false,"options":[],"dependencies":["Integrations","SettingsResourcePatch"],"compatiblePackages":[{"name":"tv.twitch.android.app","versions":[]}]},{"name":"Show deleted messages","description":"Shows deleted chat messages behind a clickable spoiler.","version":"0.0.0","excluded":false,"options":[],"dependencies":["Integrations","Settings"],"compatiblePackages":[{"name":"tv.twitch.android.app","versions":["15.4.1"]}]},{"name":"Show seekbar","description":"Shows progress bar for all video.","version":"0.0.0","excluded":false,"options":[],"dependencies":[],"compatiblePackages":[{"name":"com.ss.android.ugc.trill","versions":[]},{"name":"com.zhiliaoapp.musically","versions":[]}]},{"name":"Sim spoof","description":"Spoofs the information which is retrieved from the sim-card.","version":"0.0.0","excluded":true,"options":[],"dependencies":["Integrations","Settings"],"compatiblePackages":[{"name":"com.ss.android.ugc.trill","versions":[]},{"name":"com.zhiliaoapp.musically","versions":[]}]},{"name":"SponsorBlock","description":"Integrates SponsorBlock which allows skipping video segments such as sponsored content.","version":"0.0.0","excluded":false,"options":[],"dependencies":["Integrations","Video id hook","Video information","Player type hook","Player controls bytecode patch","SponsorBlockResourcePatch"],"compatiblePackages":[{"name":"com.google.android.youtube","versions":["18.16.37","18.19.35","18.20.39","18.23.35"]}]},{"name":"Spoof app version","description":"Tricks YouTube into thinking you are running an older version of the app. One of the side effects also includes restoring the old UI.","version":"0.0.0","excluded":false,"options":[],"dependencies":["Integrations","Settings"],"compatiblePackages":[{"name":"com.google.android.youtube","versions":["18.16.37","18.19.35","18.20.39","18.23.35"]}]},{"name":"Spoof client","description":"Spoofs the client in order to allow logging in. The OAuth application type has to be \"Installed app\" and the redirect URI has to be set to \"dbrady://relay\".","version":"0.0.0","excluded":false,"options":[{"key":"client-id","title":"OAuth client ID","description":"The Reddit OAuth client ID.","required":false,"choices":null}],"dependencies":[],"compatiblePackages":[{"name":"free.reddit.news","versions":[]},{"name":"reddit.news","versions":[]}]},{"name":"Spoof client","description":"Spoofs the client in order to allow logging in. The OAuth application type has to be \"Installed app\" and the redirect URI has to be set to \"http://rubenmayayo.com\".","version":"0.0.0","excluded":false,"options":[{"key":"client-id","title":"OAuth client ID","description":"The Reddit OAuth client ID.","required":false,"choices":null}],"dependencies":[],"compatiblePackages":[{"name":"com.rubenmayayo.reddit","versions":[]}]},{"name":"Spoof client","description":"Spoofs the client in order to allow logging in. The OAuth application type has to be \"Installed app\" and the redirect URI has to be set to \"redditisfun://auth\".","version":"0.0.0","excluded":false,"options":[{"key":"client-id","title":"OAuth client ID","description":"The Reddit OAuth client ID.","required":false,"choices":null}],"dependencies":[],"compatiblePackages":[{"name":"com.andrewshu.android.reddit","versions":[]},{"name":"com.andrewshu.android.redditdonation","versions":[]}]},{"name":"Spoof client","description":"Spoofs the client in order to allow logging in. The OAuth application type has to be \"Installed app\" and the redirect URI has to be set to \"http://baconreader.com/auth\".","version":"0.0.0","excluded":false,"options":[{"key":"client-id","title":"OAuth client ID","description":"The Reddit OAuth client ID.","required":false,"choices":null}],"dependencies":[],"compatiblePackages":[{"name":"com.onelouder.baconreader","versions":[]},{"name":"com.onelouder.baconreader.premium","versions":[]}]},{"name":"Spoof client","description":"Spoofs the client in order to allow logging in. The OAuth application type has to be \"Installed app\" and the redirect URI has to be set to \"http://www.ccrama.me\".","version":"0.0.0","excluded":false,"options":[{"key":"client-id","title":"OAuth client ID","description":"The Reddit OAuth client ID.","required":false,"choices":null}],"dependencies":[],"compatiblePackages":[{"name":"me.ccrama.redditslide","versions":[]}]},{"name":"Spoof client","description":"Spoofs the client in order to allow logging in. The OAuth application type has to be \"Installed app\" and the redirect URI has to be set to \"infinity://localhost\".","version":"0.0.0","excluded":false,"options":[{"key":"client-id","title":"OAuth client ID","description":"The Reddit OAuth client ID.","required":false,"choices":null}],"dependencies":[],"compatiblePackages":[{"name":"ml.docilealligator.infinityforreddit","versions":[]}]},{"name":"Spoof client","description":"Spoofs the client in order to allow logging in. The OAuth application type has to be \"Installed app\" and the redirect URI has to be set to \"http://redditsync/auth\".","version":"0.0.0","excluded":false,"options":[{"key":"client-id","title":"OAuth client ID","description":"The Reddit OAuth client ID.","required":false,"choices":null}],"dependencies":["DisablePiracyDetectionPatch"],"compatiblePackages":[{"name":"com.laurencedawson.reddit_sync","versions":[]},{"name":"com.laurencedawson.reddit_sync.pro","versions":[]},{"name":"com.laurencedawson.reddit_sync.dev","versions":[]}]},{"name":"Spoof client","description":"Spoofs the client in order to allow logging in. The OAuth application type has to be \"Installed app\" and the redirect URI has to be set to \"https://127.0.0.1:65023/authorize_callback\".","version":"0.0.0","excluded":false,"options":[{"key":"client-id","title":"OAuth client ID","description":"The Reddit OAuth client ID.","required":false,"choices":null}],"dependencies":["DisablePiracyDetectionPatch"],"compatiblePackages":[{"name":"o.o.joey","versions":[]},{"name":"o.o.joey.pro","versions":[]},{"name":"o.o.joey.dev","versions":[]}]},{"name":"Spoof signature","description":"Spoofs the signature of the app.","version":"0.0.0","excluded":false,"options":[],"dependencies":[],"compatiblePackages":[{"name":"at.gv.oe.app","versions":[]}]},{"name":"Spoof wifi connection","description":"Spoofs an existing Wi-Fi connection.","version":"0.0.0","excluded":true,"options":[],"dependencies":[],"compatiblePackages":[]},{"name":"Spotify theme","description":"Applies a custom theme.","version":"0.0.0","excluded":false,"options":[{"key":"backgroundColor","title":"Background color","description":"The background color. Can be a hex color or a resource reference.","required":false,"choices":null},{"key":"accentColor","title":"Accent color","description":"The accent color (\u0027spotify green\u0027 by default). Can be a hex color or a resource reference.","required":false,"choices":null},{"key":"accentPressedColor","title":"Pressed accent for the dark theme","description":"The color when accented buttons are pressed, by default slightly darker than accent. Can be a hex color or a resource reference.","required":false,"choices":null}],"dependencies":[],"compatiblePackages":[{"name":"com.spotify.music","versions":[]}]},{"name":"Swipe controls","description":"Adds volume and brightness swipe controls.","version":"0.0.0","excluded":false,"options":[],"dependencies":["Integrations","Player type hook","SwipeControlsResourcePatch"],"compatiblePackages":[{"name":"com.google.android.youtube","versions":["18.16.37","18.19.35","18.20.39","18.23.35"]}]},{"name":"Tablet mini player","description":"Enables the tablet mini player layout.","version":"0.0.0","excluded":false,"options":[],"dependencies":["Integrations","Settings"],"compatiblePackages":[{"name":"com.google.android.youtube","versions":["18.16.37","18.19.35","18.20.39","18.23.35"]}]},{"name":"Theme","description":"Applies a custom theme.","version":"0.0.0","excluded":false,"options":[{"key":"darkThemeBackgroundColor","title":"Background color for the dark theme","description":"The background color of the dark theme. Can be a hex color or a resource reference.","required":false,"choices":null},{"key":"lightThemeBackgroundColor","title":"Background color for the light theme","description":"The background color of the light theme. Can be a hex color or a resource reference.","required":false,"choices":null}],"dependencies":["Litho color hook","SeekbarColorBytecodePatch","ThemeResourcePatch"],"compatiblePackages":[{"name":"com.google.android.youtube","versions":[]}]},{"name":"Unlock paid widgets","description":"Unlocks paid widgets of the app","version":"0.0.0","excluded":false,"options":[],"dependencies":[],"compatiblePackages":[{"name":"com.dci.dev.androidtwelvewidgets","versions":[]}]},{"name":"Unlock plus","description":"Unlocks plus features.","version":"0.0.0","excluded":false,"options":[],"dependencies":["SignatureDetectionPatch"],"compatiblePackages":[{"name":"com.microblink.photomath","versions":["8.20.0"]}]},{"name":"Unlock premium","description":"Unlocks premium features.","version":"0.0.0","excluded":false,"options":[],"dependencies":[],"compatiblePackages":[{"name":"io.yuka.android","versions":[]}]},{"name":"Unlock prime","description":"Unlocks Nova Prime and all functions of the app.","version":"0.0.0","excluded":false,"options":[],"dependencies":[],"compatiblePackages":[{"name":"com.teslacoilsw.launcher","versions":[]}]},{"name":"Unlock pro","description":"Unlocks premium features.","version":"0.0.0","excluded":false,"options":[],"dependencies":[],"compatiblePackages":[{"name":"com.candylink.openvpn","versions":[]}]},{"name":"Unlock pro","description":"Unlocks pro features.","version":"0.0.0","excluded":false,"options":[],"dependencies":[],"compatiblePackages":[{"name":"com.ithebk.expensemanager","versions":[]}]},{"name":"Unlock pro","description":"Unlocks all pro features.","version":"0.0.0","excluded":false,"options":[],"dependencies":[],"compatiblePackages":[{"name":"com.awedea.nyx","versions":[]}]},{"name":"Unlock pro","description":"Unlocks all pro features.","version":"0.0.0","excluded":false,"options":[],"dependencies":[],"compatiblePackages":[{"name":"co.windyapp.android","versions":[]}]},{"name":"Unlock pro","description":"Unlocks all pro features.","version":"0.0.0","excluded":false,"options":[],"dependencies":[],"compatiblePackages":[{"name":"com.wakdev.apps.nfctools.se","versions":[]}]},{"name":"Unlock pro","description":"Unlocks all pro features.","version":"0.0.0","excluded":false,"options":[],"dependencies":[],"compatiblePackages":[{"name":"ginlemon.iconpackstudio","versions":[]}]},{"name":"Unlock pro","description":"Unlocks pro features.","version":"0.0.0","excluded":false,"options":[],"dependencies":[],"compatiblePackages":[{"name":"tv.trakt.trakt","versions":["1.1.1"]}]},{"name":"Unlock pro","description":"Unlocks pro features.","version":"0.0.0","excluded":false,"options":[],"dependencies":["SignatureVerificationPatch","LicenseValidationPatch"],"compatiblePackages":[{"name":"com.zombodroid.MemeGenerator","versions":["4.6364","4.6370","4.6375","4.6377"]}]},{"name":"Unlock pro","description":"Unlocks all professional features.","version":"0.0.0","excluded":false,"options":[],"dependencies":[],"compatiblePackages":[{"name":"org.totschnig.myexpenses","versions":["3.4.9"]}]},{"name":"Unlock pro","description":"Unlocks pro features.","version":"0.0.0","excluded":false,"options":[],"dependencies":[],"compatiblePackages":[{"name":"com.vsco.cam","versions":[]}]},{"name":"Unlock themes","description":"Unlocks all themes that are inaccessible until a certain level is reached.","version":"0.0.0","excluded":false,"options":[],"dependencies":[],"compatiblePackages":[{"name":"com.ticktick.task","versions":[]}]},{"name":"Unlock trial","description":"Unlocks the trial version.","version":"0.0.0","excluded":false,"options":[],"dependencies":[],"compatiblePackages":[{"name":"net.dinglisch.android.taskerm","versions":[]}]},{"name":"Upgrade button remover","description":"Removes the upgrade tab from the pivot bar.","version":"0.0.0","excluded":false,"options":[],"dependencies":[],"compatiblePackages":[{"name":"com.google.android.apps.youtube.music","versions":[]}]},{"name":"Vanced MicroG support","description":"Allows YouTube Music ReVanced to run without root and under a different package name.","version":"0.0.0","excluded":false,"options":[],"dependencies":["MicroGResourcePatch"],"compatiblePackages":[{"name":"com.google.android.apps.youtube.music","versions":[]}]},{"name":"Vanced MicroG support","description":"Allows YouTube ReVanced to run without root and under a different package name with Vanced MicroG.","version":"0.0.0","excluded":false,"options":[],"dependencies":["MicroGResourcePatch","Hide cast button","Client spoof"],"compatiblePackages":[{"name":"com.google.android.youtube","versions":["18.16.37","18.19.35","18.20.39","18.23.35"]}]},{"name":"Video ads","description":"Removes ads in the video player.","version":"0.0.0","excluded":false,"options":[],"dependencies":["Integrations","Settings"],"compatiblePackages":[{"name":"com.google.android.youtube","versions":["18.16.37","18.19.35","18.20.39","18.23.35"]}]},{"name":"Wide searchbar","description":"Replaces the search icon with a wide search bar. This will hide the YouTube logo when active.","version":"0.0.0","excluded":false,"options":[],"dependencies":["Integrations","Settings"],"compatiblePackages":[{"name":"com.google.android.youtube","versions":["18.16.37","18.19.35","18.20.39","18.23.35"]}]}]