[{"name":"Unlock pro","description":null,"compatiblePackages":[{"name":"ginlemon.iconpackstudio","versions":["2.2 build 016"]}],"use":true,"requiresIntegrations":false,"options":[]},{"name":"Remove device restrictions","description":"Removes restrictions from using the app on any device. Requires mounting patched app over original.","compatiblePackages":[{"name":"com.google.android.apps.recorder","versions":null}],"use":true,"requiresIntegrations":false,"options":[]},{"name":"Unlock pro","description":null,"compatiblePackages":[{"name":"com.zombodroid.MemeGenerator","versions":["4.6364","4.6370","4.6375","4.6377"]}],"use":true,"requiresIntegrations":false,"options":[]},{"name":"Remove root detection","description":"Removes the check for root permissions.","compatiblePackages":[{"name":"at.gv.bmf.bmf2go","versions":null}],"use":true,"requiresIntegrations":false,"options":[]},{"name":"Remove bootloader detection","description":"Removes the check for an unlocked bootloader.","compatiblePackages":[{"name":"at.gv.bmf.bmf2go","versions":null}],"use":true,"requiresIntegrations":false,"options":[]},{"name":"Disable mandatory login","description":null,"compatiblePackages":[{"name":"com.adobe.lrmobile","versions":null}],"use":true,"requiresIntegrations":false,"options":[]},{"name":"Unlock premium","description":null,"compatiblePackages":[{"name":"com.adobe.lrmobile","versions":null}],"use":true,"requiresIntegrations":false,"options":[]},{"name":"Remove broadcasts restriction","description":"Enables starting/stopping NetGuard via broadcasts.","compatiblePackages":[{"name":"eu.faircode.netguard","versions":null}],"use":false,"requiresIntegrations":false,"options":[]},{"name":"Remove debugging detection","description":"Removes the USB and wireless debugging checks.","compatiblePackages":[{"name":"com.scb.phone","versions":null}],"use":false,"requiresIntegrations":false,"options":[]},{"name":"Unlock pro","description":null,"compatiblePackages":[{"name":"tv.trakt.trakt","versions":["1.1.1"]}],"use":true,"requiresIntegrations":false,"options":[]},{"name":"Unlock premium","description":null,"compatiblePackages":[{"name":"io.yuka.android","versions":["4.29"]}],"use":true,"requiresIntegrations":false,"options":[]},{"name":"Unlock pro","description":null,"compatiblePackages":[{"name":"com.wakdev.apps.nfctools.se","versions":null}],"use":true,"requiresIntegrations":false,"options":[]},{"name":"Bypass root checks","description":"Removes the restriction to use the app with root permissions or on a custom ROM.","compatiblePackages":[{"name":"it.ipzs.cieid","versions":null}],"use":true,"requiresIntegrations":false,"options":[]},{"name":"Show deleted messages","description":"Shows deleted chat messages behind a clickable spoiler.","compatiblePackages":[{"name":"tv.twitch.android.app","versions":["15.4.1","16.1.0","16.9.1"]}],"use":true,"requiresIntegrations":false,"options":[]},{"name":"Auto claim channel points","description":"Automatically claim Channel Points.","compatiblePackages":[{"name":"tv.twitch.android.app","versions":["15.4.1","16.1.0","16.9.1"]}],"use":true,"requiresIntegrations":false,"options":[]},{"name":"Block audio ads","description":"Blocks audio ads in streams and VODs.","compatiblePackages":[{"name":"tv.twitch.android.app","versions":["15.4.1","16.1.0","16.9.1"]}],"use":true,"requiresIntegrations":false,"options":[]},{"name":"Block embedded ads","description":"Blocks embedded stream ads using services like Luminous or PurpleAdBlocker.","compatiblePackages":[{"name":"tv.twitch.android.app","versions":["15.4.1","16.1.0","16.9.1"]}],"use":true,"requiresIntegrations":false,"options":[]},{"name":"Block video ads","description":"Blocks video ads in streams and VODs.","compatiblePackages":[{"name":"tv.twitch.android.app","versions":["15.4.1","16.1.0","16.9.1"]}],"use":true,"requiresIntegrations":false,"options":[]},{"name":"Settings","description":"Adds settings menu to Twitch.","compatiblePackages":[{"name":"tv.twitch.android.app","versions":["15.4.1","16.1.0","16.9.1"]}],"use":true,"requiresIntegrations":false,"options":[]},{"name":"Debug mode","description":"Enables Twitch\u0027s internal debugging mode.","compatiblePackages":[{"name":"tv.twitch.android.app","versions":null}],"use":false,"requiresIntegrations":false,"options":[]},{"name":"Disable switching emoji to sticker","description":"Disables switching from emoji to sticker search mode in message input field.","compatiblePackages":[{"name":"com.facebook.orca","versions":null}],"use":true,"requiresIntegrations":false,"options":[]},{"name":"Disable typing indicator","description":"Disables the indicator while typing a message.","compatiblePackages":[{"name":"com.facebook.orca","versions":null}],"use":true,"requiresIntegrations":false,"options":[]},{"name":"Hide inbox ads","description":"Hides ads in inbox.","compatiblePackages":[{"name":"com.facebook.orca","versions":null}],"use":true,"requiresIntegrations":false,"options":[]},{"name":"Hide ads","description":"Hides most of the ads across the app.","compatiblePackages":[{"name":"com.myfitnesspal.android","versions":null}],"use":true,"requiresIntegrations":false,"options":[]},{"name":"Hide story ads","description":"Hides the ads in the Facebook app stories.","compatiblePackages":[{"name":"com.facebook.katana","versions":null}],"use":true,"requiresIntegrations":false,"options":[]},{"name":"Hide ads","description":"Removes general ads.","compatiblePackages":[{"name":"com.vanced.android.youtube","versions":null}],"use":true,"requiresIntegrations":false,"options":[]},{"name":"Remove badge tab","description":"Removes the badge tab from the activity tab.","compatiblePackages":[{"name":"com.sony.songpal.mdr","versions":null}],"use":true,"requiresIntegrations":false,"options":[]},{"name":"Remove notification badge","description":"Removes the red notification badge from the activity tab.","compatiblePackages":[{"name":"com.sony.songpal.mdr","versions":["10.1.0"]}],"use":true,"requiresIntegrations":false,"options":[]},{"name":"Hide timeline ads","description":"Removes ads from the timeline.","compatiblePackages":[{"name":"com.instagram.android","versions":["275.0.0.27.98"]}],"use":true,"requiresIntegrations":false,"options":[]},{"name":"Remove ads","description":null,"compatiblePackages":[{"name":"net.binarymode.android.irplus","versions":null}],"use":true,"requiresIntegrations":false,"options":[]},{"name":"Unlock pro","description":null,"compatiblePackages":[{"name":"org.totschnig.myexpenses","versions":["3.4.9"]}],"use":true,"requiresIntegrations":false,"options":[]},{"name":"Remove file size limit","description":"Allows opening files larger than 2 MB in the text editor.","compatiblePackages":[{"name":"pl.solidexplorer2","versions":null}],"use":true,"requiresIntegrations":false,"options":[]},{"name":"Hide ads","description":"Adds options to remove general ads.","compatiblePackages":[{"name":"com.google.android.youtube","versions":["18.32.39","18.37.36","18.38.44","18.43.45","18.44.41","18.45.43","18.48.39","18.49.37","19.01.34","19.02.39","19.03.35","19.03.36","19.04.37"]}],"use":true,"requiresIntegrations":false,"options":[]},{"name":"Video ads","description":"Adds an option to remove ads in the video player.","compatiblePackages":[{"name":"com.google.android.youtube","versions":["18.32.39","18.37.36","18.38.44","18.43.45","18.44.41","18.45.43","18.48.39","18.49.37","19.01.34","19.02.39","19.03.35","19.03.36","19.04.37"]}],"use":true,"requiresIntegrations":false,"options":[]},{"name":"GmsCore support","description":"Allows patched Google apps to run without root and under a different package name by using GmsCore instead of Google Play Services.","compatiblePackages":[{"name":"com.google.android.youtube","versions":["18.48.39","18.49.37","19.01.34","19.02.39","19.03.35","19.03.36","19.04.37"]}],"use":true,"requiresIntegrations":true,"options":[{"key":"gmsCoreVendor","default":"com.mgoogle","values":{"Vanced":"com.mgoogle","ReVanced":"app.revanced"},"title":"GmsCore Vendor","description":"The group id of the GmsCore vendor.","required":true}]},{"name":"Spoof device dimensions","description":"Adds an option to spoof the device dimensions which unlocks higher video qualities if they aren\u0027t available on the device.","compatiblePackages":[{"name":"com.google.android.youtube","versions":["18.38.44","18.43.45","18.44.41","18.45.43","18.48.39","18.49.37","19.01.34","19.02.39","19.03.35","19.03.36","19.04.37"]}],"use":true,"requiresIntegrations":false,"options":[]},{"name":"Disable zoom haptics","description":"Adds an option to disable haptics when zooming.","compatiblePackages":[{"name":"com.google.android.youtube","versions":null}],"use":true,"requiresIntegrations":false,"options":[]},{"name":"Bypass URL redirects","description":"Adds an option to bypass URL redirects and open the original URL directly.","compatiblePackages":[{"name":"com.google.android.youtube","versions":["18.43.45","18.44.41","18.45.43","18.48.39","18.49.37","19.01.34","19.02.39","19.03.35","19.03.36","19.04.37"]}],"use":true,"requiresIntegrations":false,"options":[]},{"name":"Open links externally","description":"Adds an option to always open links in your browser instead of in the in-app-browser.","compatiblePackages":[{"name":"com.google.android.youtube","versions":["18.32.39","18.37.36","18.38.44","18.43.45","18.44.41","18.45.43","18.48.39","18.49.37","19.01.34","19.02.39","19.03.35","19.03.36","19.04.37"]}],"use":true,"requiresIntegrations":false,"options":[]},{"name":"Remove tracking query parameter","description":"Adds an option to remove the tracking info from links you share.","compatiblePackages":[{"name":"com.google.android.youtube","versions":["18.43.45","18.44.41","18.45.43","18.48.39","18.49.37","19.01.34","19.02.39","19.03.35","19.03.36","19.04.37"]}],"use":true,"requiresIntegrations":false,"options":[]},{"name":"Always repeat","description":"Adds an option to always repeat videos when they end.","compatiblePackages":[{"name":"com.google.android.youtube","versions":["18.32.39","18.37.36","18.38.44","18.43.45","18.44.41","18.45.43","18.48.39","18.49.37","19.01.34","19.02.39","19.03.35","19.03.36","19.04.37"]}],"use":true,"requiresIntegrations":false,"options":[]},{"name":"Announcements","description":"Adds an option to show announcements from ReVanced on app startup.","compatiblePackages":[{"name":"com.google.android.youtube","versions":null}],"use":true,"requiresIntegrations":false,"options":[]},{"name":"Client spoof","description":"Adds options to spoof the client to allow video playback.","compatiblePackages":[{"name":"com.google.android.youtube","versions":["18.48.39","18.49.37","19.01.34","19.02.39","19.03.35","19.03.36","19.04.37"]}],"use":true,"requiresIntegrations":false,"options":[]},{"name":"Enable debugging","description":"Adds options for debugging.","compatiblePackages":[{"name":"com.google.android.youtube","versions":null}],"use":true,"requiresIntegrations":false,"options":[]},{"name":"Minimized playback","description":"Unlocks options for picture-in-picture and background playback.","compatiblePackages":[{"name":"com.google.android.youtube","versions":["18.48.39","18.49.37","19.01.34","19.02.39","19.03.35","19.03.36","19.04.37"]}],"use":true,"requiresIntegrations":false,"options":[]},{"name":"Seekbar tapping","description":"Adds an option to enable tap-to-seek on the seekbar of the video player.","compatiblePackages":[{"name":"com.google.android.youtube","versions":["18.43.45","18.44.41","18.45.43","18.48.39","18.49.37","19.01.34","19.02.39","19.03.35","19.03.36","19.04.37"]}],"use":true,"requiresIntegrations":false,"options":[]},{"name":"Enable slide to seek","description":"Adds an option to enable slide to seek instead of playing at 2x speed when pressing and holding in the video player.  Including this patch may cause issues with tapping or double tapping the video player overlay.","compatiblePackages":[{"name":"com.google.android.youtube","versions":["18.43.45","18.44.41","18.45.43","18.48.39","18.49.37","19.01.34","19.02.39","19.03.35","19.03.36","19.04.37"]}],"use":false,"requiresIntegrations":false,"options":[]},{"name":"Disable precise seeking gesture","description":"Adds an option to disable precise seeking when swiping up on the seekbar.","compatiblePackages":[{"name":"com.google.android.youtube","versions":["18.32.39","18.37.36","18.38.44","18.43.45","18.44.41","18.45.43","18.48.39","18.49.37","19.01.34","19.02.39","19.03.35","19.03.36","19.04.37"]}],"use":true,"requiresIntegrations":false,"options":[]},{"name":"Copy video URL","description":"Adds options to display buttons in the video player to copy video URLs.","compatiblePackages":[{"name":"com.google.android.youtube","versions":["18.48.39","18.49.37","19.01.34","19.02.39","19.03.35","19.03.36","19.04.37"]}],"use":true,"requiresIntegrations":false,"options":[]},{"name":"External downloads","description":"Adds support to download and save YouTube videos using an external downloader app.","compatiblePackages":[{"name":"com.google.android.youtube","versions":["18.48.39","18.49.37","19.01.34","19.02.39","19.03.35","19.03.36","19.04.37"]}],"use":true,"requiresIntegrations":false,"options":[]},{"name":"Remove viewer discretion dialog","description":"Adds an option to remove the dialog that appears when opening a video that has been age-restricted by accepting it automatically. This does not bypass the age restriction.","compatiblePackages":[{"name":"com.google.android.youtube","versions":["18.32.39","18.37.36","18.38.44","18.43.45","18.44.41","18.45.43","18.48.39","18.49.37","19.01.34","19.02.39","19.03.35","19.03.36","19.04.37"]}],"use":true,"requiresIntegrations":false,"options":[]},{"name":"Swipe controls","description":"Adds options to enable and configure volume and brightness swipe controls.","compatiblePackages":[{"name":"com.google.android.youtube","versions":["18.32.39","18.37.36","18.38.44","18.43.45","18.44.41","18.45.43","18.48.39","18.49.37","19.01.34","19.02.39","19.03.35","19.03.36","19.04.37"]}],"use":true,"requiresIntegrations":false,"options":[]},{"name":"Remove player controls background","description":"Removes the dark background surrounding the video player controls.","compatiblePackages":[{"name":"com.google.android.youtube","versions":["18.32.39","18.37.36","18.38.44","18.43.45","18.44.41","18.45.43","18.48.39","18.49.37","19.01.34","19.02.39","19.03.35","19.03.36","19.04.37"]}],"use":false,"requiresIntegrations":false,"options":[]},{"name":"Custom player overlay opacity","description":"Adds an option to change the opacity of the video player background when player controls are visible.","compatiblePackages":[{"name":"com.google.android.youtube","versions":null}],"use":true,"requiresIntegrations":false,"options":[]},{"name":"SponsorBlock","description":"Adds options to enable and configure SponsorBlock, which can skip undesired video segments such as sponsored content.","compatiblePackages":[{"name":"com.google.android.youtube","versions":["18.48.39","18.49.37","19.01.34","19.02.39","19.03.35","19.03.36","19.04.37"]}],"use":true,"requiresIntegrations":false,"options":[]},{"name":"Restore old seekbar thumbnails","description":"Adds an option to restore the old seekbar thumbnails that appear above the seekbar while seeking instead of fullscreen thumbnails.","compatiblePackages":[{"name":"com.google.android.youtube","versions":["18.37.36","18.38.44","18.43.45","18.44.41","18.45.43","18.48.39","18.49.37","19.01.34","19.02.39","19.03.35","19.03.36","19.04.37"]}],"use":true,"requiresIntegrations":false,"options":[]},{"name":"Spoof app version","description":"Adds an option to trick YouTube into thinking you are running an older version of the app. This can be used to restore old UI elements and features.","compatiblePackages":[{"name":"com.google.android.youtube","versions":["18.32.39","18.37.36","18.38.44","18.43.45","18.44.41","18.45.43","18.48.39","18.49.37","19.01.34","19.02.39","19.03.35","19.03.36","19.04.37"]}],"use":true,"requiresIntegrations":false,"options":[]},{"name":"Return YouTube Dislike","description":"Adds an option to show the dislike count of videos using the Return YouTube Dislike API.","compatiblePackages":[{"name":"com.google.android.youtube","versions":["18.49.37","19.01.34","19.02.39","19.03.35","19.03.36","19.04.37"]}],"use":true,"requiresIntegrations":false,"options":[]},{"name":"Player flyout menu","description":"Adds options to hide menu items that appear when pressing the gear icon in the video player.","compatiblePackages":[{"name":"com.google.android.youtube","versions":["18.32.39","18.37.36","18.38.44","18.43.45","18.44.41","18.45.43","18.48.39","18.49.37","19.01.34","19.02.39","19.03.35","19.03.36","19.04.37"]}],"use":true,"requiresIntegrations":false,"options":[]},{"name":"Hide info cards","description":"Adds an option to hide info cards that creators add in the video player.","compatiblePackages":[{"name":"com.google.android.youtube","versions":["18.32.39","18.37.36","18.38.44","18.43.45","18.44.41","18.45.43","18.48.39","18.49.37","19.01.34","19.02.39","19.03.35","19.03.36","19.04.37"]}],"use":true,"requiresIntegrations":false,"options":[]},{"name":"Hide seekbar","description":"Adds an option to hide the seekbar.","compatiblePackages":[{"name":"com.google.android.youtube","versions":["18.32.39","18.37.36","18.38.44","18.43.45","18.44.41","18.45.43","18.48.39","18.49.37","19.01.34","19.02.39","19.03.35","19.03.36","19.04.37"]}],"use":true,"requiresIntegrations":false,"options":[]},{"name":"Hide endscreen cards","description":"Adds an option to hide suggested video cards at the end of videos.","compatiblePackages":[{"name":"com.google.android.youtube","versions":["18.32.39","18.37.36","18.38.44","18.43.45","18.44.41","18.45.43","18.48.39","18.49.37","19.01.34","19.02.39","19.03.35","19.03.36","19.04.37"]}],"use":true,"requiresIntegrations":false,"options":[]},{"name":"Comments","description":"Adds options to hide components related to comments.","compatiblePackages":[{"name":"com.google.android.youtube","versions":["18.32.39","18.37.36","18.38.44","18.43.45","18.44.41","18.45.43","18.48.39","18.49.37","19.01.34","19.02.39","19.03.35","19.03.36","19.04.37"]}],"use":true,"requiresIntegrations":false,"options":[]},{"name":"Disable rolling number animations","description":"Adds an option to disable rolling number animations of video view count, user likes, and upload time.","compatiblePackages":[{"name":"com.google.android.youtube","versions":["18.43.45","18.44.41","18.45.43","18.48.39","18.49.37","19.01.34","19.02.39","19.03.35","19.03.36","19.04.37"]}],"use":true,"requiresIntegrations":false,"options":[]},{"name":"Disable fullscreen ambient mode","description":"Adds an option to disable the ambient mode when in fullscreen.","compatiblePackages":[{"name":"com.google.android.youtube","versions":["18.37.36","18.38.44","18.43.45","18.44.41","18.45.43","18.48.39","18.49.37","19.01.34","19.02.39","19.03.35","19.03.36","19.04.37"]}],"use":true,"requiresIntegrations":false,"options":[]},{"name":"Hide floating microphone button","description":"Adds an option to hide the floating microphone button when searching.","compatiblePackages":[{"name":"com.google.android.youtube","versions":["18.32.39","18.37.36","18.38.44","18.43.45","18.44.41","18.45.43","18.48.39","18.49.37","19.01.34","19.02.39","19.03.35","19.03.36","19.04.37"]}],"use":true,"requiresIntegrations":false,"options":[]},{"name":"Hide layout components","description":"Adds options to hide general layout components.","compatiblePackages":[{"name":"com.google.android.youtube","versions":["18.32.39","18.37.36","18.38.44","18.43.45","18.44.41","18.45.43","18.48.39","18.49.37","19.01.34","19.02.39","19.03.35","19.03.36","19.04.37"]}],"use":true,"requiresIntegrations":false,"options":[]},{"name":"Hide Shorts components","description":"Adds options to hide components related to YouTube Shorts.","compatiblePackages":[{"name":"com.google.android.youtube","versions":["18.32.39","18.37.36","18.38.44","18.43.45","18.44.41","18.45.43","18.48.39","18.49.37","19.01.34","19.02.39","19.03.35","19.03.36","19.04.37"]}],"use":true,"requiresIntegrations":false,"options":[]},{"name":"Hide \u0027Load more\u0027 button","description":"Adds an option to hide the button under videos that loads similar videos.","compatiblePackages":[{"name":"com.google.android.youtube","versions":["18.32.39","18.37.36","18.38.44","18.43.45","18.44.41","18.45.43","18.48.39","18.49.37","19.01.34","19.02.39","19.03.35","19.03.36","19.04.37"]}],"use":true,"requiresIntegrations":false,"options":[]},{"name":"Hide crowdfunding box","description":"Adds an option to hide the crowdfunding box between the player and video description.","compatiblePackages":[{"name":"com.google.android.youtube","versions":["18.32.39","18.37.36","18.38.44","18.43.45","18.44.41","18.45.43","18.48.39","18.49.37","19.01.34","19.02.39","19.03.35","19.03.36","19.04.37"]}],"use":true,"requiresIntegrations":false,"options":[]},{"name":"Hide timestamp","description":"Adds an option to hide the timestamp in the bottom left of the video player.","compatiblePackages":[{"name":"com.google.android.youtube","versions":["18.37.36","18.38.44","18.43.45","18.44.41","18.45.43","18.48.39","18.49.37","19.01.34","19.02.39","19.03.35","19.03.36","19.04.37"]}],"use":true,"requiresIntegrations":false,"options":[]},{"name":"Hide breaking news shelf","description":"Adds an option to hide the breaking news shelf on the homepage tab.","compatiblePackages":[{"name":"com.google.android.youtube","versions":["18.32.39","18.37.36","18.38.44","18.43.45","18.44.41","18.45.43","18.48.39","18.49.37","19.01.34","19.02.39","19.03.35","19.03.36","19.04.37"]}],"use":true,"requiresIntegrations":false,"options":[]},{"name":"Disable suggested video end screen","description":"Adds an option to disable the suggested video end screen at the end of videos.","compatiblePackages":[{"name":"com.google.android.youtube","versions":["18.37.36","18.38.44","18.43.45","18.44.41","18.45.43","18.48.39","18.49.37","19.01.34","19.02.39","19.03.35","19.03.36","19.04.37"]}],"use":true,"requiresIntegrations":false,"options":[]},{"name":"Hide album cards","description":"Adds an option to hide album cards below artist descriptions.","compatiblePackages":[{"name":"com.google.android.youtube","versions":["18.32.39","18.37.36","18.38.44","18.43.45","18.44.41","18.45.43","18.48.39","18.49.37","19.01.34","19.02.39","19.03.35","19.03.36","19.04.37"]}],"use":true,"requiresIntegrations":false,"options":[]},{"name":"Hide filter bar","description":"Adds options to hide the category bar at the top of video feeds.","compatiblePackages":[{"name":"com.google.android.youtube","versions":["18.32.39","18.37.36","18.38.44","18.43.45","18.44.41","18.45.43","18.48.39","18.49.37","19.01.34","19.02.39","19.03.35","19.03.36","19.04.37"]}],"use":true,"requiresIntegrations":false,"options":[]},{"name":"Custom branding","description":"Applies a custom app name and icon. Defaults to \"YouTube ReVanced\" and the ReVanced logo.","compatiblePackages":[{"name":"com.google.android.youtube","versions":null}],"use":false,"requiresIntegrations":false,"options":[{"key":"appName","default":"YouTube ReVanced","values":{"YouTube ReVanced":"YouTube ReVanced","YT ReVanced":"YT ReVanced","YT":"YT","YouTube":"YouTube"},"title":"App name","description":"The name of the app.","required":false},{"key":"iconPath","default":"ReVanced*Logo","values":{"ReVanced Logo":"ReVanced*Logo"},"title":"App icon","description":"The path to a folder containing the following folders:\n\n- mipmap-xxxhdpi\n- mipmap-xxhdpi\n- mipmap-xhdpi\n- mipmap-hdpi\n- mipmap-mdpi\n\nEach of these folders has to have the following files:\n\n- adaptiveproduct_youtube_background_color_108.png\n- adaptiveproduct_youtube_foreground_color_108.png\n- ic_launcher.png\n- ic_launcher_round.png","required":false}]},{"name":"Change header","description":"Applies a custom header in the top left corner within the app. Defaults to the ReVanced header.","compatiblePackages":[{"name":"com.google.android.youtube","versions":null}],"use":false,"requiresIntegrations":false,"options":[{"key":"header","default":"ReVanced (borderless logo)","values":{"YouTube":"yt_wordmark_header","YouTube Premium":"yt_premium_wordmark_header","ReVanced":"ReVanced","ReVanced (borderless logo)":"ReVanced (borderless logo)"},"title":"Header","description":"Either a header name or a path to a custom header folder to use in the top bar.\nThe path to a folder must contain one or more of the following folders matching the DPI of your device:\n\n- drawable-xxxhdpi\n- drawable-xxhdpi\n- drawable-xhdpi\n- drawable-mdpi\n- drawable-hdpi\n\nThese folders must contain the following files:\n\n- yt_wordmark_header_light.png\n- yt_wordmark_header_dark.png","required":true}]},{"name":"Hide player buttons","description":"Adds an option to hide the previous and next buttons in the video player.","compatiblePackages":[{"name":"com.google.android.youtube","versions":["18.32.39","18.37.36","18.38.44","18.43.45","18.44.41","18.45.43","18.48.39","18.49.37","19.01.34","19.02.39","19.03.35","19.03.36","19.04.37"]}],"use":true,"requiresIntegrations":false,"options":[]},{"name":"Navigation buttons","description":"Adds options to hide and change navigation buttons (such as the Shorts button).","compatiblePackages":[{"name":"com.google.android.youtube","versions":["18.32.39","18.37.36","18.38.44","18.43.45","18.44.41","18.45.43","18.48.39","18.49.37","19.01.34","19.02.39","19.03.35","19.03.36","19.04.37"]}],"use":true,"requiresIntegrations":false,"options":[]},{"name":"Hide video action buttons","description":"Adds options to hide action buttons (such as the Download button) under videos.","compatiblePackages":[{"name":"com.google.android.youtube","versions":["18.32.39","18.37.36","18.38.44","18.43.45","18.44.41","18.45.43","18.48.39","18.49.37","19.01.34","19.02.39","19.03.35","19.03.36","19.04.37"]}],"use":true,"requiresIntegrations":false,"options":[]},{"name":"Hide cast button","description":"Adds an option to hide the cast button in the video player.","compatiblePackages":[{"name":"com.google.android.youtube","versions":null}],"use":true,"requiresIntegrations":false,"options":[]},{"name":"Hide captions button","description":"Adds an option to hide the captions button in the video player.","compatiblePackages":[{"name":"com.google.android.youtube","versions":["18.32.39","18.37.36","18.38.44","18.43.45","18.44.41","18.45.43","18.48.39","18.49.37","19.01.34","19.02.39","19.03.35","19.03.36","19.04.37"]}],"use":true,"requiresIntegrations":false,"options":[]},{"name":"Hide autoplay button","description":"Adds an option to hide the autoplay button in the video player.","compatiblePackages":[{"name":"com.google.android.youtube","versions":["18.32.39","18.37.36","18.38.44","18.43.45","18.44.41","18.45.43","18.48.39","18.49.37","19.01.34","19.02.39","19.03.35","19.03.36","19.04.37"]}],"use":true,"requiresIntegrations":false,"options":[]},{"name":"Enable tablet layout","description":"Adds an option to spoof the device form factor to a tablet which enables the tablet layout.","compatiblePackages":[{"name":"com.google.android.youtube","versions":null}],"use":true,"requiresIntegrations":false,"options":[]},{"name":"Disable resuming Shorts on startup","description":"Adds an option to disable the Shorts player from resuming on app startup when Shorts were last being watched.","compatiblePackages":[{"name":"com.google.android.youtube","versions":["18.32.39","18.37.36","18.38.44","18.43.45","18.44.41","18.45.43","18.48.39","18.49.37","19.01.34","19.02.39","19.03.35","19.03.36","19.04.37"]}],"use":true,"requiresIntegrations":false,"options":[]},{"name":"Change start page","description":"Adds an option to set which page the app opens in instead of the homepage.","compatiblePackages":[{"name":"com.google.android.youtube","versions":null}],"use":true,"requiresIntegrations":false,"options":[]},{"name":"Theme","description":"Adds options for theming and applies a custom background theme (dark background theme defaults to amoled black).","compatiblePackages":[{"name":"com.google.android.youtube","versions":["18.37.36","18.38.44","18.43.45","18.44.41","18.45.43","18.48.39","18.49.37","19.01.34","19.02.39","19.03.35","19.03.36","19.04.37"]}],"use":true,"requiresIntegrations":false,"options":[{"key":"darkThemeBackgroundColor","default":"@android:color/black","values":{"Amoled black":"@android:color/black","Material You":"@android:color/system_neutral1_900","Classic (old YouTube)":"#FF212121","Catppuccin (Mocha)":"#FF181825","Dark pink":"#FF290025","Dark blue":"#FF001029","Dark green":"#FF002905","Dark yellow":"#FF282900","Dark orange":"#FF291800","Dark red":"#FF290000"},"title":"Dark theme background color","description":"Can be a hex color (#AARRGGBB) or a color resource reference.","required":false},{"key":"lightThemeBackgroundColor","default":"@android:color/white","values":{"White":"@android:color/white","Material You":"@android:color/system_neutral1_50","Catppuccin (Latte)":"#FFE6E9EF","Light pink":"#FFFCCFF3","Light blue":"#FFD1E0FF","Light green":"#FFCCFFCC","Light yellow":"#FFFDFFCC","Light orange":"#FFFFE6CC","Light red":"#FFFFD6D6"},"title":"Light theme background color","description":"Can be a hex color (#AARRGGBB) or a color resource reference.","required":false}]},{"name":"Disable auto captions","description":"Adds an option to disable captions from being automatically enabled.","compatiblePackages":[{"name":"com.google.android.youtube","versions":["18.32.39","18.37.36","18.38.44","18.43.45","18.44.41","18.45.43","18.48.39","18.49.37","19.01.34","19.02.39","19.03.35","19.03.36","19.04.37"]}],"use":true,"requiresIntegrations":false,"options":[]},{"name":"Wide searchbar","description":"Adds an option to replace the search icon with a wide search bar. This will hide the YouTube logo when active.","compatiblePackages":[{"name":"com.google.android.youtube","versions":["18.32.39","18.37.36","18.38.44","18.43.45","18.45.43","18.48.39","18.49.37","19.01.34","19.02.39","19.03.35","19.03.36","19.04.37"]}],"use":true,"requiresIntegrations":false,"options":[]},{"name":"Tablet mini player","description":"Adds an option to enable the tablet mini player layout.","compatiblePackages":[{"name":"com.google.android.youtube","versions":["18.32.39","18.37.36","18.38.44","18.43.45","18.44.41","18.45.43","18.48.39","18.49.37","19.01.34","19.02.39","19.03.35","19.03.36","19.04.37"]}],"use":true,"requiresIntegrations":false,"options":[]},{"name":"Alternative thumbnails","description":"Adds options to replace video thumbnails using the DeArrow API or image captures from the video.","compatiblePackages":[{"name":"com.google.android.youtube","versions":["18.32.39","18.37.36","18.38.44","18.43.45","18.44.41","18.45.43","18.48.39","18.49.37","19.01.34","19.02.39","19.03.35","19.03.36","19.04.37"]}],"use":true,"requiresIntegrations":false,"options":[]},{"name":"Disable player popup panels","description":"Adds an option to disable panels (such as live chat) from opening automatically.","compatiblePackages":[{"name":"com.google.android.youtube","versions":["18.32.39","18.37.36","18.38.44","18.43.45","18.44.41","18.45.43","18.48.39","18.49.37","19.01.34","19.02.39","19.03.35","19.03.36","19.04.37"]}],"use":true,"requiresIntegrations":false,"options":[]},{"name":"Remember video quality","description":"Adds an option to remember the last video quality selected.","compatiblePackages":[{"name":"com.google.android.youtube","versions":["18.48.39","18.49.37","19.01.34","19.02.39","19.03.35","19.03.36","19.04.37"]}],"use":true,"requiresIntegrations":false,"options":[]},{"name":"HDR auto brightness","description":"Adds an option to make the brightness of HDR videos follow the system default.","compatiblePackages":[{"name":"com.google.android.youtube","versions":["18.32.39","18.37.36","18.38.44","18.43.45","18.44.41","18.45.43","18.48.39","18.49.37","19.01.34","19.02.39","19.03.35","19.03.36","19.04.37"]}],"use":true,"requiresIntegrations":false,"options":[]},{"name":"Playback speed","description":"Adds options to customize available playback speeds and to remember the last playback speed selected.","compatiblePackages":[{"name":"com.google.android.youtube","versions":["18.48.39","18.49.37","19.01.34","19.02.39","19.03.35","19.03.36","19.04.37"]}],"use":true,"requiresIntegrations":false,"options":[]},{"name":"Restore old video quality menu","description":"Adds an option to restore the old video quality menu with specific video resolution options.","compatiblePackages":[{"name":"com.google.android.youtube","versions":["18.32.39","18.37.36","18.38.44","18.43.45","18.44.41","18.45.43","18.48.39","18.49.37","19.01.34","19.02.39","19.03.35","19.03.36","19.04.37"]}],"use":true,"requiresIntegrations":false,"options":[]},{"name":"Disable Tumblr Live","description":"Disable the Tumblr Live tab button and dashboard carousel.","compatiblePackages":[{"name":"com.tumblr","versions":null}],"use":true,"requiresIntegrations":false,"options":[]},{"name":"Disable gift message popup","description":"Disables the popup suggesting to buy TumblrMart items for other people.","compatiblePackages":[{"name":"com.tumblr","versions":null}],"use":true,"requiresIntegrations":false,"options":[]},{"name":"Disable in-app update","description":"Disables the in-app update check and update prompt.","compatiblePackages":[{"name":"com.tumblr","versions":null}],"use":true,"requiresIntegrations":false,"options":[]},{"name":"Disable blog notification reminder","description":"Disables the reminder to enable notifications for blogs you visit.","compatiblePackages":[{"name":"com.tumblr","versions":null}],"use":true,"requiresIntegrations":false,"options":[]},{"name":"Disable dashboard ads","description":"Disables ads in the dashboard.","compatiblePackages":[{"name":"com.tumblr","versions":null}],"use":true,"requiresIntegrations":false,"options":[]},{"name":"Unlock plus","description":null,"compatiblePackages":[{"name":"com.microblink.photomath","versions":["8.32.0"]}],"use":true,"requiresIntegrations":false,"options":[]},{"name":"Hide update popup","description":"Prevents the update popup from showing up.","compatiblePackages":[{"name":"com.microblink.photomath","versions":["8.32.0"]}],"use":true,"requiresIntegrations":false,"options":[]},{"name":"Spoof device ID","description":"Spoofs device ID to mitigate manual bans by developers.","compatiblePackages":[{"name":"com.microblink.photomath","versions":["8.32.0"]}],"use":true,"requiresIntegrations":false,"options":[]},{"name":"Dynamic color","description":"Replaces the default X (Formerly Twitter) Blue with the user\u0027s Material You palette.","compatiblePackages":[{"name":"com.twitter.android","versions":null}],"use":true,"requiresIntegrations":false,"options":[]},{"name":"Hide recommended users","description":null,"compatiblePackages":[{"name":"com.twitter.android","versions":null}],"use":true,"requiresIntegrations":false,"options":[]},{"name":"Hide ads","description":"Hides ads.","compatiblePackages":[{"name":"com.twitter.android","versions":null}],"use":true,"requiresIntegrations":false,"options":[]},{"name":"Unlock downloads","description":"Unlocks the ability to download any video.","compatiblePackages":[{"name":"com.twitter.android","versions":null}],"use":true,"requiresIntegrations":false,"options":[]},{"name":"Hide view count","description":"Hides the view count of Posts.","compatiblePackages":[{"name":"com.twitter.android","versions":null}],"use":false,"requiresIntegrations":false,"options":[]},{"name":"Custom theme","description":"Applies a custom theme.","compatiblePackages":[{"name":"com.spotify.music","versions":null}],"use":true,"requiresIntegrations":false,"options":[{"key":"backgroundColor","default":"@android:color/black","values":null,"title":"Primary background color","description":"The background color. Can be a hex color or a resource reference.","required":true},{"key":"backgroundColorSecondary","default":"#ff282828","values":null,"title":"Secondary background color","description":"The secondary background color. (e.g. search box, artist \u0026 podcast). Can be a hex color or a resource reference.","required":true},{"key":"accentColor","default":"#ff1ed760","values":null,"title":"Accent color","description":"The accent color (\u0027Spotify green\u0027 by default). Can be a hex color or a resource reference.","required":true},{"key":"accentColorPressed","default":"#ff169c46","values":null,"title":"Pressed dark theme accent color","description":"The color when accented buttons are pressed, by default slightly darker than accent. Can be a hex color or a resource reference.","required":true}]},{"name":"Enable on demand","description":"Enables listening to songs on-demand, allowing to play any song from playlists, albums or artists without limitations. This does not remove ads.","compatiblePackages":[{"name":"com.spotify.lite","versions":null}],"use":true,"requiresIntegrations":false,"options":[]},{"name":"Hide premium navbar","description":"Removes the premium tab from the navbar.","compatiblePackages":[{"name":"com.spotify.music","versions":null}],"use":true,"requiresIntegrations":false,"options":[]},{"name":"Unlock pro","description":"Unlocks all pro features.","compatiblePackages":[{"name":"co.windyapp.android","versions":null}],"use":true,"requiresIntegrations":false,"options":[]},{"name":"Export all activities","description":"Makes all app activities exportable.","compatiblePackages":null,"use":false,"requiresIntegrations":false,"options":[]},{"name":"Change package name","description":"Appends \".revanced\" to the package name by default. Changing the package name of the app can lead to unexpected issues.","compatiblePackages":null,"use":false,"requiresIntegrations":false,"options":[{"key":"packageName","default":"Default","values":{"Default":"Default"},"title":"Package name","description":"The name of the package to rename the app to.","required":true}]},{"name":"Enable Android debugging","description":"Enables Android debugging capabilities. This can slow down the app.","compatiblePackages":null,"use":false,"requiresIntegrations":false,"options":[]},{"name":"Override certificate pinning","description":"Overrides certificate pinning, allowing to inspect traffic via a proxy.","compatiblePackages":null,"use":false,"requiresIntegrations":false,"options":[]},{"name":"Predictive back gesture","description":"Enables the predictive back gesture introduced on Android 13.","compatiblePackages":null,"use":false,"requiresIntegrations":false,"options":[]},{"name":"Remove screenshot restriction","description":"Removes the restriction of taking screenshots in apps that normally wouldn\u0027t allow it.","compatiblePackages":null,"use":false,"requiresIntegrations":true,"options":[]},{"name":"Remove screen capture restriction","description":"Removes the restriction of capturing audio from apps that normally wouldn\u0027t allow it.","compatiblePackages":null,"use":false,"requiresIntegrations":true,"options":[]},{"name":"Spoof SIM country","description":"Spoofs country information returned by the SIM card provider.","compatiblePackages":null,"use":false,"requiresIntegrations":false,"options":[{"key":"networkCountryIso","default":null,"values":{"Andorra":"AD","United Arab Emirates":"AE","Afghanistan":"AF","Antigua \u0026 Barbuda":"AG","Anguilla":"AI","Albania":"AL","Armenia":"AM","Angola":"AO","Antarctica":"AQ","Argentina":"AR","American Samoa":"AS","Austria":"AT","Australia":"AU","Aruba":"AW","Åland Islands":"AX","Azerbaijan":"AZ","Bosnia \u0026 Herzegovina":"BA","Barbados":"BB","Bangladesh":"BD","Belgium":"BE","Burkina Faso":"BF","Bulgaria":"BG","Bahrain":"BH","Burundi":"BI","Benin":"BJ","St. Barthélemy":"BL","Bermuda":"BM","Brunei":"BN","Bolivia":"BO","Caribbean Netherlands":"BQ","Brazil":"BR","Bahamas":"BS","Bhutan":"BT","Bouvet Island":"BV","Botswana":"BW","Belarus":"BY","Belize":"BZ","Canada":"CA","Cocos (Keeling) Islands":"CC","Congo - Kinshasa":"CD","Central African Republic":"CF","Congo - Brazzaville":"CG","Switzerland":"CH","Côte d’Ivoire":"CI","Cook Islands":"CK","Chile":"CL","Cameroon":"CM","China":"CN","Colombia":"CO","Costa Rica":"CR","Cuba":"CU","Cape Verde":"CV","Curaçao":"CW","Christmas Island":"CX","Cyprus":"CY","Czechia":"CZ","Germany":"DE","Djibouti":"DJ","Denmark":"DK","Dominica":"DM","Dominican Republic":"DO","Algeria":"DZ","Ecuador":"EC","Estonia":"EE","Egypt":"EG","Western Sahara":"EH","Eritrea":"ER","Spain":"ES","Ethiopia":"ET","Finland":"FI","Fiji":"FJ","Falkland Islands":"FK","Micronesia":"FM","Faroe Islands":"FO","France":"FR","Gabon":"GA","United Kingdom":"GB","Grenada":"GD","Georgia":"GE","French Guiana":"GF","Guernsey":"GG","Ghana":"GH","Gibraltar":"GI","Greenland":"GL","Gambia":"GM","Guinea":"GN","Guadeloupe":"GP","Equatorial Guinea":"GQ","Greece":"GR","South Georgia \u0026 South Sandwich Islands":"GS","Guatemala":"GT","Guam":"GU","Guinea-Bissau":"GW","Guyana":"GY","Hong Kong SAR China":"HK","Heard \u0026 McDonald Islands":"HM","Honduras":"HN","Croatia":"HR","Haiti":"HT","Hungary":"HU","Indonesia":"ID","Ireland":"IE","Israel":"IL","Isle of Man":"IM","India":"IN","British Indian Ocean Territory":"IO","Iraq":"IQ","Iran":"IR","Iceland":"IS","Italy":"IT","Jersey":"JE","Jamaica":"JM","Jordan":"JO","Japan":"JP","Kenya":"KE","Kyrgyzstan":"KG","Cambodia":"KH","Kiribati":"KI","Comoros":"KM","St. Kitts \u0026 Nevis":"KN","North Korea":"KP","South Korea":"KR","Kuwait":"KW","Cayman Islands":"KY","Kazakhstan":"KZ","Laos":"LA","Lebanon":"LB","St. Lucia":"LC","Liechtenstein":"LI","Sri Lanka":"LK","Liberia":"LR","Lesotho":"LS","Lithuania":"LT","Luxembourg":"LU","Latvia":"LV","Libya":"LY","Morocco":"MA","Monaco":"MC","Moldova":"MD","Montenegro":"ME","St. Martin":"MF","Madagascar":"MG","Marshall Islands":"MH","Macedonia":"MK","Mali":"ML","Myanmar (Burma)":"MM","Mongolia":"MN","Macau SAR China":"MO","Northern Mariana Islands":"MP","Martinique":"MQ","Mauritania":"MR","Montserrat":"MS","Malta":"MT","Mauritius":"MU","Maldives":"MV","Malawi":"MW","Mexico":"MX","Malaysia":"MY","Mozambique":"MZ","Namibia":"NA","New Caledonia":"NC","Niger":"NE","Norfolk Island":"NF","Nigeria":"NG","Nicaragua":"NI","Netherlands":"NL","Norway":"NO","Nepal":"NP","Nauru":"NR","Niue":"NU","New Zealand":"NZ","Oman":"OM","Panama":"PA","Peru":"PE","French Polynesia":"PF","Papua New Guinea":"PG","Philippines":"PH","Pakistan":"PK","Poland":"PL","St. Pierre \u0026 Miquelon":"PM","Pitcairn Islands":"PN","Puerto Rico":"PR","Palestinian Territories":"PS","Portugal":"PT","Palau":"PW","Paraguay":"PY","Qatar":"QA","Réunion":"RE","Romania":"RO","Serbia":"RS","Russia":"RU","Rwanda":"RW","Saudi Arabia":"SA","Solomon Islands":"SB","Seychelles":"SC","Sudan":"SD","Sweden":"SE","Singapore":"SG","St. Helena":"SH","Slovenia":"SI","Svalbard \u0026 Jan Mayen":"SJ","Slovakia":"SK","Sierra Leone":"SL","San Marino":"SM","Senegal":"SN","Somalia":"SO","Suriname":"SR","South Sudan":"SS","São Tomé \u0026 Príncipe":"ST","El Salvador":"SV","Sint Maarten":"SX","Syria":"SY","Swaziland":"SZ","Turks \u0026 Caicos Islands":"TC","Chad":"TD","French Southern Territories":"TF","Togo":"TG","Thailand":"TH","Tajikistan":"TJ","Tokelau":"TK","Timor-Leste":"TL","Turkmenistan":"TM","Tunisia":"TN","Tonga":"TO","Turkey":"TR","Trinidad \u0026 Tobago":"TT","Tuvalu":"TV","Taiwan":"TW","Tanzania":"TZ","Ukraine":"UA","Uganda":"UG","U.S. Outlying Islands":"UM","United States":"US","Uruguay":"UY","Uzbekistan":"UZ","Vatican City":"VA","St. Vincent \u0026 Grenadines":"VC","Venezuela":"VE","British Virgin Islands":"VG","U.S. Virgin Islands":"VI","Vietnam":"VN","Vanuatu":"VU","Wallis \u0026 Futuna":"WF","Samoa":"WS","Yemen":"YE","Mayotte":"YT","South Africa":"ZA","Zambia":"ZM","Zimbabwe":"ZW"},"title":"Network ISO Country Code","description":"ISO-3166-1 alpha-2 country code equivalent for the SIM provider\u0027s country code.","required":false},{"key":"simCountryIso","default":null,"values":{"Andorra":"AD","United Arab Emirates":"AE","Afghanistan":"AF","Antigua \u0026 Barbuda":"AG","Anguilla":"AI","Albania":"AL","Armenia":"AM","Angola":"AO","Antarctica":"AQ","Argentina":"AR","American Samoa":"AS","Austria":"AT","Australia":"AU","Aruba":"AW","Åland Islands":"AX","Azerbaijan":"AZ","Bosnia \u0026 Herzegovina":"BA","Barbados":"BB","Bangladesh":"BD","Belgium":"BE","Burkina Faso":"BF","Bulgaria":"BG","Bahrain":"BH","Burundi":"BI","Benin":"BJ","St. Barthélemy":"BL","Bermuda":"BM","Brunei":"BN","Bolivia":"BO","Caribbean Netherlands":"BQ","Brazil":"BR","Bahamas":"BS","Bhutan":"BT","Bouvet Island":"BV","Botswana":"BW","Belarus":"BY","Belize":"BZ","Canada":"CA","Cocos (Keeling) Islands":"CC","Congo - Kinshasa":"CD","Central African Republic":"CF","Congo - Brazzaville":"CG","Switzerland":"CH","Côte d’Ivoire":"CI","Cook Islands":"CK","Chile":"CL","Cameroon":"CM","China":"CN","Colombia":"CO","Costa Rica":"CR","Cuba":"CU","Cape Verde":"CV","Curaçao":"CW","Christmas Island":"CX","Cyprus":"CY","Czechia":"CZ","Germany":"DE","Djibouti":"DJ","Denmark":"DK","Dominica":"DM","Dominican Republic":"DO","Algeria":"DZ","Ecuador":"EC","Estonia":"EE","Egypt":"EG","Western Sahara":"EH","Eritrea":"ER","Spain":"ES","Ethiopia":"ET","Finland":"FI","Fiji":"FJ","Falkland Islands":"FK","Micronesia":"FM","Faroe Islands":"FO","France":"FR","Gabon":"GA","United Kingdom":"GB","Grenada":"GD","Georgia":"GE","French Guiana":"GF","Guernsey":"GG","Ghana":"GH","Gibraltar":"GI","Greenland":"GL","Gambia":"GM","Guinea":"GN","Guadeloupe":"GP","Equatorial Guinea":"GQ","Greece":"GR","South Georgia \u0026 South Sandwich Islands":"GS","Guatemala":"GT","Guam":"GU","Guinea-Bissau":"GW","Guyana":"GY","Hong Kong SAR China":"HK","Heard \u0026 McDonald Islands":"HM","Honduras":"HN","Croatia":"HR","Haiti":"HT","Hungary":"HU","Indonesia":"ID","Ireland":"IE","Israel":"IL","Isle of Man":"IM","India":"IN","British Indian Ocean Territory":"IO","Iraq":"IQ","Iran":"IR","Iceland":"IS","Italy":"IT","Jersey":"JE","Jamaica":"JM","Jordan":"JO","Japan":"JP","Kenya":"KE","Kyrgyzstan":"KG","Cambodia":"KH","Kiribati":"KI","Comoros":"KM","St. Kitts \u0026 Nevis":"KN","North Korea":"KP","South Korea":"KR","Kuwait":"KW","Cayman Islands":"KY","Kazakhstan":"KZ","Laos":"LA","Lebanon":"LB","St. Lucia":"LC","Liechtenstein":"LI","Sri Lanka":"LK","Liberia":"LR","Lesotho":"LS","Lithuania":"LT","Luxembourg":"LU","Latvia":"LV","Libya":"LY","Morocco":"MA","Monaco":"MC","Moldova":"MD","Montenegro":"ME","St. Martin":"MF","Madagascar":"MG","Marshall Islands":"MH","Macedonia":"MK","Mali":"ML","Myanmar (Burma)":"MM","Mongolia":"MN","Macau SAR China":"MO","Northern Mariana Islands":"MP","Martinique":"MQ","Mauritania":"MR","Montserrat":"MS","Malta":"MT","Mauritius":"MU","Maldives":"MV","Malawi":"MW","Mexico":"MX","Malaysia":"MY","Mozambique":"MZ","Namibia":"NA","New Caledonia":"NC","Niger":"NE","Norfolk Island":"NF","Nigeria":"NG","Nicaragua":"NI","Netherlands":"NL","Norway":"NO","Nepal":"NP","Nauru":"NR","Niue":"NU","New Zealand":"NZ","Oman":"OM","Panama":"PA","Peru":"PE","French Polynesia":"PF","Papua New Guinea":"PG","Philippines":"PH","Pakistan":"PK","Poland":"PL","St. Pierre \u0026 Miquelon":"PM","Pitcairn Islands":"PN","Puerto Rico":"PR","Palestinian Territories":"PS","Portugal":"PT","Palau":"PW","Paraguay":"PY","Qatar":"QA","Réunion":"RE","Romania":"RO","Serbia":"RS","Russia":"RU","Rwanda":"RW","Saudi Arabia":"SA","Solomon Islands":"SB","Seychelles":"SC","Sudan":"SD","Sweden":"SE","Singapore":"SG","St. Helena":"SH","Slovenia":"SI","Svalbard \u0026 Jan Mayen":"SJ","Slovakia":"SK","Sierra Leone":"SL","San Marino":"SM","Senegal":"SN","Somalia":"SO","Suriname":"SR","South Sudan":"SS","São Tomé \u0026 Príncipe":"ST","El Salvador":"SV","Sint Maarten":"SX","Syria":"SY","Swaziland":"SZ","Turks \u0026 Caicos Islands":"TC","Chad":"TD","French Southern Territories":"TF","Togo":"TG","Thailand":"TH","Tajikistan":"TJ","Tokelau":"TK","Timor-Leste":"TL","Turkmenistan":"TM","Tunisia":"TN","Tonga":"TO","Turkey":"TR","Trinidad \u0026 Tobago":"TT","Tuvalu":"TV","Taiwan":"TW","Tanzania":"TZ","Ukraine":"UA","Uganda":"UG","U.S. Outlying Islands":"UM","United States":"US","Uruguay":"UY","Uzbekistan":"UZ","Vatican City":"VA","St. Vincent \u0026 Grenadines":"VC","Venezuela":"VE","British Virgin Islands":"VG","U.S. Virgin Islands":"VI","Vietnam":"VN","Vanuatu":"VU","Wallis \u0026 Futuna":"WF","Samoa":"WS","Yemen":"YE","Mayotte":"YT","South Africa":"ZA","Zambia":"ZM","Zimbabwe":"ZW"},"title":"Sim ISO Country Code","description":"ISO-3166-1 alpha-2 country code equivalent for the SIM provider\u0027s country code.","required":false}]},{"name":"Spoof Wi-Fi connection","description":"Spoofs an existing Wi-Fi connection.","compatiblePackages":null,"use":false,"requiresIntegrations":true,"options":[]},{"name":"Unlock pro","description":"Unlocks pro features.","compatiblePackages":[{"name":"com.vsco.cam","versions":null}],"use":true,"requiresIntegrations":false,"options":[]},{"name":"Hide ads","description":null,"compatiblePackages":[{"name":"com.nis.app","versions":null}],"use":true,"requiresIntegrations":false,"options":[]},{"name":"Hide ads","description":null,"compatiblePackages":[{"name":"com.reddit.frontpage","versions":null}],"use":true,"requiresIntegrations":true,"options":[]},{"name":"Sanitize sharing links","description":"Removes (tracking) query parameters from the URLs when sharing links.","compatiblePackages":[{"name":"com.reddit.frontpage","versions":null}],"use":true,"requiresIntegrations":false,"options":[]},{"name":"Spoof client","description":"Restores functionality of the app by using custom client ID.","compatiblePackages":[{"name":"free.reddit.news","versions":null},{"name":"reddit.news","versions":null}],"use":true,"requiresIntegrations":false,"options":[{"key":"client-id","default":null,"values":null,"title":"OAuth client ID","description":"The Reddit OAuth client ID. You can get your client ID from https://www.reddit.com/prefs/apps. The application type has to be \"Installed app\" and the redirect URI has to be set to \"dbrady://relay\".","required":true}]},{"name":"Spoof client","description":"Restores functionality of the app by using custom client ID.","compatiblePackages":[{"name":"ml.docilealligator.infinityforreddit","versions":null}],"use":true,"requiresIntegrations":false,"options":[{"key":"client-id","default":null,"values":null,"title":"OAuth client ID","description":"The Reddit OAuth client ID. You can get your client ID from https://www.reddit.com/prefs/apps. The application type has to be \"Installed app\" and the redirect URI has to be set to \"infinity://localhost\".","required":true}]},{"name":"Unlock subscription","description":"Unlocks the subscription feature but requires a custom client ID.","compatiblePackages":[{"name":"ml.docilealligator.infinityforreddit","versions":null}],"use":true,"requiresIntegrations":false,"options":[]},{"name":"Spoof client","description":"Restores functionality of the app by using custom client ID.","compatiblePackages":[{"name":"o.o.joey","versions":null},{"name":"o.o.joey.pro","versions":null},{"name":"o.o.joey.dev","versions":null}],"use":true,"requiresIntegrations":false,"options":[{"key":"client-id","default":null,"values":null,"title":"OAuth client ID","description":"The Reddit OAuth client ID. You can get your client ID from https://www.reddit.com/prefs/apps. The application type has to be \"Installed app\" and the redirect URI has to be set to \"https://127.0.0.1:65023/authorize_callback\".","required":true}]},{"name":"Disable ads","description":null,"compatiblePackages":[{"name":"o.o.joey","versions":null}],"use":true,"requiresIntegrations":false,"options":[]},{"name":"Spoof client","description":"Restores functionality of the app by using custom client ID.","compatiblePackages":[{"name":"com.rubenmayayo.reddit","versions":null}],"use":true,"requiresIntegrations":false,"options":[{"key":"client-id","default":null,"values":null,"title":"OAuth client ID","description":"The Reddit OAuth client ID. You can get your client ID from https://www.reddit.com/prefs/apps. The application type has to be \"Installed app\" and the redirect URI has to be set to \"http://rubenmayayo.com\".","required":true}]},{"name":"Spoof client","description":"Restores functionality of the app by using custom client ID.","compatiblePackages":[{"name":"me.ccrama.redditslide","versions":null}],"use":true,"requiresIntegrations":false,"options":[{"key":"client-id","default":null,"values":null,"title":"OAuth client ID","description":"The Reddit OAuth client ID. You can get your client ID from https://www.reddit.com/prefs/apps. The application type has to be \"Installed app\" and the redirect URI has to be set to \"http://www.ccrama.me\".","required":true}]},{"name":"Spoof client","description":"Restores functionality of the app by using custom client ID.","compatiblePackages":[{"name":"com.andrewshu.android.reddit","versions":null},{"name":"com.andrewshu.android.redditdonation","versions":null}],"use":true,"requiresIntegrations":false,"options":[{"key":"client-id","default":null,"values":null,"title":"OAuth client ID","description":"The Reddit OAuth client ID. You can get your client ID from https://www.reddit.com/prefs/apps. The application type has to be \"Installed app\" and the redirect URI has to be set to \"redditisfun://auth\".","required":true}]},{"name":"Spoof client","description":"Restores functionality of the app by using custom client ID.","compatiblePackages":[{"name":"com.onelouder.baconreader","versions":null},{"name":"com.onelouder.baconreader.premium","versions":null}],"use":true,"requiresIntegrations":false,"options":[{"key":"client-id","default":null,"values":null,"title":"OAuth client ID","description":"The Reddit OAuth client ID. You can get your client ID from https://www.reddit.com/prefs/apps. The application type has to be \"Installed app\" and the redirect URI has to be set to \"http://baconreader.com/auth\".","required":true}]},{"name":"Spoof client","description":"Restores functionality of the app by using custom client ID.","compatiblePackages":[{"name":"com.laurencedawson.reddit_sync","versions":null},{"name":"com.laurencedawson.reddit_sync.pro","versions":null},{"name":"com.laurencedawson.reddit_sync.dev","versions":null}],"use":true,"requiresIntegrations":false,"options":[{"key":"client-id","default":null,"values":null,"title":"OAuth client ID","description":"The Reddit OAuth client ID. You can get your client ID from https://www.reddit.com/prefs/apps. The application type has to be \"Installed app\" and the redirect URI has to be set to \"http://redditsync/auth\".","required":true}]},{"name":"Disable Sync for Lemmy bottom sheet","description":"Disables the bottom sheet at the startup that asks you to signup to \"Sync for Lemmy\".","compatiblePackages":[{"name":"com.laurencedawson.reddit_sync","versions":["v23.06.30-13:39"]},{"name":"com.laurencedawson.reddit_sync.pro","versions":null},{"name":"com.laurencedawson.reddit_sync.dev","versions":null}],"use":true,"requiresIntegrations":false,"options":[]},{"name":"Disable ads","description":null,"compatiblePackages":[{"name":"com.laurencedawson.reddit_sync","versions":null}],"use":true,"requiresIntegrations":false,"options":[]},{"name":"Disable screenshot popup","description":"Disables the popup that shows up when taking a screenshot.","compatiblePackages":[{"name":"com.reddit.frontpage","versions":null}],"use":true,"requiresIntegrations":false,"options":[]},{"name":"Unlock premium Reddit icons","description":null,"compatiblePackages":[{"name":"com.reddit.frontpage","versions":null}],"use":true,"requiresIntegrations":false,"options":[]},{"name":"Unlock pro","description":null,"compatiblePackages":[{"name":"com.awedea.nyx","versions":["2.2.7"]}],"use":true,"requiresIntegrations":false,"options":[]},{"name":"Remove root detection","description":"Removes the check for root permissions and unlocked bootloader.","compatiblePackages":[{"name":"at.gv.oe.app","versions":null}],"use":true,"requiresIntegrations":false,"options":[]},{"name":"Spoof signature","description":"Spoofs the signature of the app.","compatiblePackages":[{"name":"at.gv.oe.app","versions":null}],"use":true,"requiresIntegrations":false,"options":[]},{"name":"Unlock themes","description":"Unlocks all themes that are inaccessible until a certain level is reached.","compatiblePackages":[{"name":"com.ticktick.task","versions":null}],"use":true,"requiresIntegrations":false,"options":[]},{"name":"Unlock pro","description":null,"compatiblePackages":[{"name":"com.candylink.openvpn","versions":null}],"use":true,"requiresIntegrations":false,"options":[]},{"name":"Music video ads","description":"Removes ads in the music player.","compatiblePackages":[{"name":"com.google.android.apps.youtube.music","versions":null}],"use":true,"requiresIntegrations":false,"options":[]},{"name":"GmsCore support","description":"Allows patched Google apps to run without root and under a different package name by using GmsCore instead of Google Play Services.","compatiblePackages":[{"name":"com.google.android.apps.youtube.music","versions":null}],"use":true,"requiresIntegrations":true,"options":[{"key":"gmsCoreVendor","default":"com.mgoogle","values":{"Vanced":"com.mgoogle","ReVanced":"app.revanced"},"title":"GmsCore Vendor","description":"The group id of the GmsCore vendor.","required":true}]},{"name":"Bypass certificate checks","description":"Bypasses certificate checks which prevent YouTube Music from working on Android Auto.","compatiblePackages":[{"name":"com.google.android.apps.youtube.music","versions":null}],"use":true,"requiresIntegrations":false,"options":[]},{"name":"Permanent repeat","description":"Permanently remember your repeating preference even if the playlist ends or another track is played.","compatiblePackages":[{"name":"com.google.android.apps.youtube.music","versions":null}],"use":false,"requiresIntegrations":false,"options":[]},{"name":"Permanent shuffle","description":"Permanently remember your shuffle preference even if the playlist ends or another track is played.","compatiblePackages":[{"name":"com.google.android.apps.youtube.music","versions":null}],"use":false,"requiresIntegrations":false,"options":[]},{"name":"Codecs unlock","description":"Adds more audio codec options. The new audio codecs usually result in better audio quality.","compatiblePackages":[{"name":"com.google.android.apps.youtube.music","versions":null}],"use":true,"requiresIntegrations":false,"options":[]},{"name":"Exclusive audio playback","description":"Enables the option to play audio without video.","compatiblePackages":[{"name":"com.google.android.apps.youtube.music","versions":null}],"use":true,"requiresIntegrations":false,"options":[]},{"name":"Remove upgrade button","description":"Removes the upgrade tab from the pivot bar.","compatiblePackages":[{"name":"com.google.android.apps.youtube.music","versions":null}],"use":true,"requiresIntegrations":false,"options":[]},{"name":"Compact header","description":"Hides the music category bar at the top of the homepage.","compatiblePackages":[{"name":"com.google.android.apps.youtube.music","versions":null}],"use":false,"requiresIntegrations":false,"options":[]},{"name":"Hide get premium","description":"Removes all \"Get Premium\" evidences from the avatar menu.","compatiblePackages":[{"name":"com.google.android.apps.youtube.music","versions":null}],"use":true,"requiresIntegrations":false,"options":[]},{"name":"Minimized playback music","description":"Enables minimized playback on Kids music.","compatiblePackages":[{"name":"com.google.android.apps.youtube.music","versions":null}],"use":true,"requiresIntegrations":false,"options":[]},{"name":"Background play","description":"Enables playing music in the background.","compatiblePackages":[{"name":"com.google.android.apps.youtube.music","versions":null}],"use":true,"requiresIntegrations":false,"options":[]},{"name":"Hide ads","description":null,"compatiblePackages":[{"name":"jp.pxv.android","versions":null}],"use":true,"requiresIntegrations":false,"options":[]},{"name":"Unlock pro","description":null,"compatiblePackages":[{"name":"com.ithebk.expensemanager","versions":null}],"use":true,"requiresIntegrations":false,"options":[]},{"name":"Show on lockscreen","description":"Shows student id and student ticket on lockscreen.","compatiblePackages":[{"name":"de.tudortmund.app","versions":null}],"use":true,"requiresIntegrations":true,"options":[]},{"name":"Feed filter","description":"Removes ads, livestreams, stories, image videos and videos with a specific amount of views or likes from the feed.","compatiblePackages":[{"name":"com.ss.android.ugc.trill","versions":["32.5.3"]},{"name":"com.zhiliaoapp.musically","versions":["32.5.3"]}],"use":true,"requiresIntegrations":false,"options":[]},{"name":"SIM spoof","description":"Spoofs the information which is retrieved from the SIM card.","compatiblePackages":[{"name":"com.ss.android.ugc.trill","versions":null},{"name":"com.zhiliaoapp.musically","versions":null}],"use":false,"requiresIntegrations":false,"options":[]},{"name":"Disable login requirement","description":null,"compatiblePackages":[{"name":"com.ss.android.ugc.trill","versions":null},{"name":"com.zhiliaoapp.musically","versions":null}],"use":true,"requiresIntegrations":false,"options":[]},{"name":"Fix Google login","description":"Allows logging in with a Google account.","compatiblePackages":[{"name":"com.ss.android.ugc.trill","versions":null},{"name":"com.zhiliaoapp.musically","versions":null}],"use":true,"requiresIntegrations":false,"options":[]},{"name":"Settings","description":"Adds ReVanced settings to TikTok.","compatiblePackages":[{"name":"com.ss.android.ugc.trill","versions":["32.5.3"]},{"name":"com.zhiliaoapp.musically","versions":["32.5.3"]}],"use":true,"requiresIntegrations":false,"options":[]},{"name":"Show seekbar","description":"Shows progress bar for all video.","compatiblePackages":[{"name":"com.ss.android.ugc.trill","versions":null},{"name":"com.zhiliaoapp.musically","versions":null}],"use":true,"requiresIntegrations":false,"options":[]},{"name":"Downloads","description":"Removes download restrictions and changes the default path to download to.","compatiblePackages":[{"name":"com.ss.android.ugc.trill","versions":["32.5.3"]},{"name":"com.zhiliaoapp.musically","versions":["32.5.3"]}],"use":true,"requiresIntegrations":false,"options":[]},{"name":"Playback speed","description":"Enables the playback speed option for all videos and retains the speed configurations in between videos.","compatiblePackages":[{"name":"com.ss.android.ugc.trill","versions":["32.5.3"]},{"name":"com.zhiliaoapp.musically","versions":["32.5.3"]}],"use":true,"requiresIntegrations":false,"options":[]},{"name":"Remember clear display","description":"Remembers the clear display configurations in between videos.","compatiblePackages":[{"name":"com.ss.android.ugc.trill","versions":["32.5.3"]},{"name":"com.zhiliaoapp.musically","versions":["32.5.3"]}],"use":true,"requiresIntegrations":false,"options":[]},{"name":"Disable ads","description":null,"compatiblePackages":[{"name":"com.myprog.hexedit","versions":null}],"use":true,"requiresIntegrations":false,"options":[]},{"name":"Promo code unlock","description":"Disables the validation of promo code. Any code will work to unlock all features.","compatiblePackages":[{"name":"de.dwd.warnapp","versions":null}],"use":true,"requiresIntegrations":false,"options":[]},{"name":"Disable subscription suggestions","description":null,"compatiblePackages":[{"name":"com.strava","versions":["320.12"]}],"use":true,"requiresIntegrations":false,"options":[]},{"name":"Unlock subscription features","description":"Unlocks \"Routes\", \"Matched Runs\" and \"Segment Efforts\".","compatiblePackages":[{"name":"com.strava","versions":["320.12"]}],"use":true,"requiresIntegrations":false,"options":[]},{"name":"Pro unlock","description":null,"compatiblePackages":[{"name":"com.backdrops.wallpapers","versions":["4.52"]}],"use":true,"requiresIntegrations":false,"options":[]},{"name":"Remove root detection","description":"Removes the check for root permissions and unlocked bootloader.","compatiblePackages":[{"name":"at.gv.bka.serviceportal","versions":null}],"use":true,"requiresIntegrations":false,"options":[]}]