[{"name":"Unlock premium","description":null,"compatiblePackages":[{"name":"com.adobe.lrmobile","versions":null}],"dependencies":["kotlin.reflect.jvm.internal.KClassImpl"],"use":true,"requiresIntegrations":false,"options":[]},{"name":"Disable mandatory login","description":null,"compatiblePackages":[{"name":"com.adobe.lrmobile","versions":null}],"dependencies":["kotlin.reflect.jvm.internal.KClassImpl"],"use":true,"requiresIntegrations":false,"options":[]},{"name":"Hide ads","description":"Removes general ads.","compatiblePackages":[{"name":"com.vanced.android.youtube","versions":null}],"dependencies":["kotlin.reflect.jvm.internal.KClassImpl"],"use":true,"requiresIntegrations":false,"options":[]},{"name":"Unlock pro","description":null,"compatiblePackages":[{"name":"ginlemon.iconpackstudio","versions":null}],"dependencies":["kotlin.reflect.jvm.internal.KClassImpl"],"use":true,"requiresIntegrations":false,"options":[]},{"name":"Unlock pro","description":null,"compatiblePackages":[{"name":"com.ithebk.expensemanager","versions":null}],"dependencies":["kotlin.reflect.jvm.internal.KClassImpl"],"use":true,"requiresIntegrations":false,"options":[]},{"name":"Disable typing indicator","description":"Disables the indicator while typing a message.","compatiblePackages":[{"name":"com.facebook.orca","versions":null}],"dependencies":["kotlin.reflect.jvm.internal.KClassImpl"],"use":true,"requiresIntegrations":false,"options":[]},{"name":"Disable switching emoji to sticker","description":"Disables switching from emoji to sticker search mode in message input field.","compatiblePackages":[{"name":"com.facebook.orca","versions":null}],"dependencies":["kotlin.reflect.jvm.internal.KClassImpl"],"use":true,"requiresIntegrations":false,"options":[]},{"name":"Hide inbox ads","description":"Hides ads in inbox.","compatiblePackages":[{"name":"com.facebook.orca","versions":null}],"dependencies":["kotlin.reflect.jvm.internal.KClassImpl"],"use":true,"requiresIntegrations":false,"options":[]},{"name":"Remove file size limit","description":"Allows opening files larger than 2 MB in the text editor.","compatiblePackages":[{"name":"pl.solidexplorer2","versions":null}],"dependencies":["kotlin.reflect.jvm.internal.KClassImpl"],"use":true,"requiresIntegrations":false,"options":[]},{"name":"Unlock themes","description":"Unlocks all themes that are inaccessible until a certain level is reached.","compatiblePackages":[{"name":"com.ticktick.task","versions":null}],"dependencies":["kotlin.reflect.jvm.internal.KClassImpl"],"use":true,"requiresIntegrations":false,"options":[]},{"name":"Hide premium navbar","description":"Removes the premium tab from the navbar.","compatiblePackages":[{"name":"com.spotify.music","versions":null}],"dependencies":["kotlin.reflect.jvm.internal.KClassImpl"],"use":true,"requiresIntegrations":false,"options":[]},{"name":"Enable on demand","description":"Enables listening to songs on-demand, allowing to play any song from playlists, albums or artists without limitations. This does not remove ads.","compatiblePackages":[{"name":"com.spotify.lite","versions":null}],"dependencies":["kotlin.reflect.jvm.internal.KClassImpl"],"use":true,"requiresIntegrations":false,"options":[]},{"name":"Custom theme","description":"Applies a custom theme.","compatiblePackages":[{"name":"com.spotify.music","versions":null}],"dependencies":["kotlin.reflect.jvm.internal.KClassImpl"],"use":true,"requiresIntegrations":false,"options":[{"key":"backgroundColor","default":"@android:color/black","title":"Background color","description":"The background color. Can be a hex color or a resource reference.","required":false},{"key":"accentColor","default":"#ff1ed760","title":"Accent color","description":"The accent color (\u0027spotify green\u0027 by default). Can be a hex color or a resource reference.","required":false},{"key":"accentPressedColor","default":"#ff169c46","title":"Pressed accent for the dark theme","description":"The color when accented buttons are pressed, by default slightly darker than accent. Can be a hex color or a resource reference.","required":false}]},{"name":"Unlock premium","description":null,"compatiblePackages":[{"name":"io.yuka.android","versions":null}],"dependencies":["kotlin.reflect.jvm.internal.KClassImpl"],"use":true,"requiresIntegrations":false,"options":[]},{"name":"Unlock pro","description":null,"compatiblePackages":[{"name":"com.candylink.openvpn","versions":null}],"dependencies":["kotlin.reflect.jvm.internal.KClassImpl"],"use":true,"requiresIntegrations":false,"options":[]},{"name":"Exclusive audio playback","description":"Enables the option to play audio without video.","compatiblePackages":[{"name":"com.google.android.apps.youtube.music","versions":null}],"dependencies":["kotlin.reflect.jvm.internal.KClassImpl"],"use":true,"requiresIntegrations":false,"options":[]},{"name":"Codecs unlock","description":"Adds more audio codec options. The new audio codecs usually result in better audio quality.","compatiblePackages":[{"name":"com.google.android.apps.youtube.music","versions":null}],"dependencies":["kotlin.reflect.jvm.internal.KClassImpl"],"use":true,"requiresIntegrations":false,"options":[]},{"name":"Permanent repeat","description":"Permanently remember your repeating preference even if the playlist ends or another track is played.","compatiblePackages":[{"name":"com.google.android.apps.youtube.music","versions":null}],"dependencies":["kotlin.reflect.jvm.internal.KClassImpl"],"use":false,"requiresIntegrations":false,"options":[]},{"name":"Permanent shuffle","description":"Permanently remember your shuffle preference even if the playlist ends or another track is played.","compatiblePackages":[{"name":"com.google.android.apps.youtube.music","versions":null}],"dependencies":["kotlin.reflect.jvm.internal.KClassImpl"],"use":false,"requiresIntegrations":false,"options":[]},{"name":"Music video ads","description":"Removes ads in the music player.","compatiblePackages":[{"name":"com.google.android.apps.youtube.music","versions":null}],"dependencies":["kotlin.reflect.jvm.internal.KClassImpl"],"use":true,"requiresIntegrations":false,"options":[]},{"name":"Background play","description":"Enables playing music in the background.","compatiblePackages":[{"name":"com.google.android.apps.youtube.music","versions":null}],"dependencies":["kotlin.reflect.jvm.internal.KClassImpl"],"use":true,"requiresIntegrations":false,"options":[]},{"name":"Vanced MicroG support","description":"Allows YouTube Music to run without root and under a different package name.","compatiblePackages":[{"name":"com.google.android.apps.youtube.music","versions":null}],"dependencies":["kotlin.reflect.jvm.internal.KClassImpl"],"use":true,"requiresIntegrations":false,"options":[]},{"name":"Bypass certificate checks","description":"Bypasses certificate checks which prevent YouTube Music from working on Android Auto.","compatiblePackages":[{"name":"com.google.android.apps.youtube.music","versions":null}],"dependencies":["kotlin.reflect.jvm.internal.KClassImpl"],"use":true,"requiresIntegrations":false,"options":[]},{"name":"Hide get premium","description":"Removes all \"Get Premium\" evidences from the avatar menu.","compatiblePackages":[{"name":"com.google.android.apps.youtube.music","versions":null}],"dependencies":["kotlin.reflect.jvm.internal.KClassImpl"],"use":true,"requiresIntegrations":false,"options":[]},{"name":"Minimized playback music","description":"Enables minimized playback on Kids music.","compatiblePackages":[{"name":"com.google.android.apps.youtube.music","versions":null}],"dependencies":["kotlin.reflect.jvm.internal.KClassImpl"],"use":true,"requiresIntegrations":false,"options":[]},{"name":"Compact header","description":"Hides the music category bar at the top of the homepage.","compatiblePackages":[{"name":"com.google.android.apps.youtube.music","versions":null}],"dependencies":["kotlin.reflect.jvm.internal.KClassImpl"],"use":false,"requiresIntegrations":false,"options":[]},{"name":"Remove upgrade button","description":"Removes the upgrade tab from the pivot bar.","compatiblePackages":[{"name":"com.google.android.apps.youtube.music","versions":null}],"dependencies":["kotlin.reflect.jvm.internal.KClassImpl"],"use":true,"requiresIntegrations":false,"options":[]},{"name":"Remove root detection","description":"Removes the check for root permissions.","compatiblePackages":[{"name":"at.gv.bmf.bmf2go","versions":null}],"dependencies":["kotlin.reflect.jvm.internal.KClassImpl"],"use":true,"requiresIntegrations":false,"options":[]},{"name":"Remove bootloader detection","description":"Removes the check for an unlocked bootloader.","compatiblePackages":[{"name":"at.gv.bmf.bmf2go","versions":null}],"dependencies":["kotlin.reflect.jvm.internal.KClassImpl"],"use":true,"requiresIntegrations":false,"options":[]},{"name":"Pro unlock","description":null,"compatiblePackages":[{"name":"com.backdrops.wallpapers","versions":["4.52"]}],"dependencies":["kotlin.reflect.jvm.internal.KClassImpl"],"use":true,"requiresIntegrations":false,"options":[]},{"name":"Spoof device ID","description":"Spoofs device ID to mitigate manual bans by developers.","compatiblePackages":[{"name":"com.microblink.photomath","versions":null}],"dependencies":["kotlin.reflect.jvm.internal.KClassImpl"],"use":true,"requiresIntegrations":false,"options":[]},{"name":"Unlock plus","description":null,"compatiblePackages":[{"name":"com.microblink.photomath","versions":null}],"dependencies":["kotlin.reflect.jvm.internal.KClassImpl"],"use":true,"requiresIntegrations":false,"options":[]},{"name":"Disable ads","description":null,"compatiblePackages":[{"name":"com.myprog.hexedit","versions":null}],"dependencies":["kotlin.reflect.jvm.internal.KClassImpl"],"use":true,"requiresIntegrations":false,"options":[]},{"name":"Auto claim channel points","description":"Automatically claim Channel Points.","compatiblePackages":[{"name":"tv.twitch.android.app","versions":["15.4.1","16.1.0"]}],"dependencies":["kotlin.reflect.jvm.internal.KClassImpl"],"use":true,"requiresIntegrations":false,"options":[]},{"name":"Show deleted messages","description":"Shows deleted chat messages behind a clickable spoiler.","compatiblePackages":[{"name":"tv.twitch.android.app","versions":["15.4.1","16.1.0"]}],"dependencies":["kotlin.reflect.jvm.internal.KClassImpl"],"use":true,"requiresIntegrations":false,"options":[]},{"name":"Debug mode","description":"Enables Twitch\u0027s internal debugging mode.","compatiblePackages":[{"name":"tv.twitch.android.app","versions":null}],"dependencies":["kotlin.reflect.jvm.internal.KClassImpl"],"use":false,"requiresIntegrations":false,"options":[]},{"name":"Block audio ads","description":"Blocks audio ads in streams and VODs.","compatiblePackages":[{"name":"tv.twitch.android.app","versions":["15.4.1","16.1.0"]}],"dependencies":["kotlin.reflect.jvm.internal.KClassImpl"],"use":true,"requiresIntegrations":false,"options":[]},{"name":"Block video ads","description":"Blocks video ads in streams and VODs.","compatiblePackages":[{"name":"tv.twitch.android.app","versions":["15.4.1","16.1.0"]}],"dependencies":["kotlin.reflect.jvm.internal.KClassImpl"],"use":true,"requiresIntegrations":false,"options":[]},{"name":"Block embedded ads","description":"Blocks embedded stream ads using services like Luminous or PurpleAdBlocker.","compatiblePackages":[{"name":"tv.twitch.android.app","versions":["15.4.1","16.1.0"]}],"dependencies":["kotlin.reflect.jvm.internal.KClassImpl"],"use":true,"requiresIntegrations":false,"options":[]},{"name":"Settings","description":"Adds settings menu to Twitch.","compatiblePackages":[{"name":"tv.twitch.android.app","versions":null}],"dependencies":["kotlin.reflect.jvm.internal.KClassImpl"],"use":true,"requiresIntegrations":false,"options":[]},{"name":"Promo code unlock","description":"Disables the validation of promo code. Any code will work to unlock all features.","compatiblePackages":[{"name":"de.dwd.warnapp","versions":null}],"dependencies":["kotlin.reflect.jvm.internal.KClassImpl"],"use":true,"requiresIntegrations":false,"options":[]},{"name":"Feed filter","description":"Filters tiktok videos: removing ads, removing livestreams.","compatiblePackages":[{"name":"com.ss.android.ugc.trill","versions":null},{"name":"com.zhiliaoapp.musically","versions":null}],"dependencies":["kotlin.reflect.jvm.internal.KClassImpl"],"use":true,"requiresIntegrations":false,"options":[]},{"name":"Downloads","description":"Removes download restrictions and changes the default path to download to.","compatiblePackages":[{"name":"com.ss.android.ugc.trill","versions":null},{"name":"com.zhiliaoapp.musically","versions":null}],"dependencies":["kotlin.reflect.jvm.internal.KClassImpl"],"use":true,"requiresIntegrations":false,"options":[]},{"name":"Playback speed","description":"Enables the playback speed option for all videos.","compatiblePackages":[{"name":"com.ss.android.ugc.trill","versions":null},{"name":"com.zhiliaoapp.musically","versions":null}],"dependencies":["kotlin.reflect.jvm.internal.KClassImpl"],"use":true,"requiresIntegrations":false,"options":[]},{"name":"Show seekbar","description":"Shows progress bar for all video.","compatiblePackages":[{"name":"com.ss.android.ugc.trill","versions":null},{"name":"com.zhiliaoapp.musically","versions":null}],"dependencies":["kotlin.reflect.jvm.internal.KClassImpl"],"use":true,"requiresIntegrations":false,"options":[]},{"name":"Hide ads","description":null,"compatiblePackages":[{"name":"com.ss.android.ugc.trill","versions":["30.8.4"]},{"name":"com.zhiliaoapp.musically","versions":["30.8.4"]}],"dependencies":["kotlin.reflect.jvm.internal.KClassImpl"],"use":true,"requiresIntegrations":false,"options":[]},{"name":"SIM spoof","description":"Spoofs the information which is retrieved from the SIM card.","compatiblePackages":[{"name":"com.ss.android.ugc.trill","versions":null},{"name":"com.zhiliaoapp.musically","versions":null}],"dependencies":["kotlin.reflect.jvm.internal.KClassImpl"],"use":false,"requiresIntegrations":false,"options":[]},{"name":"Disable login requirement","description":null,"compatiblePackages":[{"name":"com.ss.android.ugc.trill","versions":null},{"name":"com.zhiliaoapp.musically","versions":null}],"dependencies":["kotlin.reflect.jvm.internal.KClassImpl"],"use":true,"requiresIntegrations":false,"options":[]},{"name":"Fix Google login","description":"Allows logging in with a Google account.","compatiblePackages":[{"name":"com.ss.android.ugc.trill","versions":null},{"name":"com.zhiliaoapp.musically","versions":null}],"dependencies":["kotlin.reflect.jvm.internal.KClassImpl"],"use":true,"requiresIntegrations":false,"options":[]},{"name":"Settings","description":"Adds ReVanced settings to TikTok.","compatiblePackages":[{"name":"com.ss.android.ugc.trill","versions":null},{"name":"com.zhiliaoapp.musically","versions":null}],"dependencies":["kotlin.reflect.jvm.internal.KClassImpl"],"use":true,"requiresIntegrations":false,"options":[]},{"name":"Unlock paid widgets","description":"Unlocks paid widgets of the app","compatiblePackages":[{"name":"com.dci.dev.androidtwelvewidgets","versions":null}],"dependencies":["kotlin.reflect.jvm.internal.KClassImpl"],"use":true,"requiresIntegrations":false,"options":[]},{"name":"Disable subscription suggestions","description":null,"compatiblePackages":[{"name":"com.strava","versions":["320.12"]}],"dependencies":["kotlin.reflect.jvm.internal.KClassImpl"],"use":true,"requiresIntegrations":false,"options":[]},{"name":"Unlock subscription features","description":"Unlocks \"Routes\", \"Matched Runs\" and \"Segment Efforts\".","compatiblePackages":[{"name":"com.strava","versions":["320.12"]}],"dependencies":["kotlin.reflect.jvm.internal.KClassImpl"],"use":true,"requiresIntegrations":false,"options":[]},{"name":"Disable dashboard ads","description":"Disables ads in the dashboard.","compatiblePackages":[{"name":"com.tumblr","versions":null}],"dependencies":["kotlin.reflect.jvm.internal.KClassImpl"],"use":true,"requiresIntegrations":false,"options":[]},{"name":"Disable gift message popup","description":"Disables the popup suggesting to buy TumblrMart items for other people.","compatiblePackages":[{"name":"com.tumblr","versions":null}],"dependencies":["kotlin.reflect.jvm.internal.KClassImpl"],"use":true,"requiresIntegrations":false,"options":[]},{"name":"Disable in-app update","description":"Disables the in-app update check and update prompt.","compatiblePackages":[{"name":"com.tumblr","versions":null}],"dependencies":["kotlin.reflect.jvm.internal.KClassImpl"],"use":true,"requiresIntegrations":false,"options":[]},{"name":"Disable blog notification reminder","description":"Disables the reminder to enable notifications for blogs you visit.","compatiblePackages":[{"name":"com.tumblr","versions":null}],"dependencies":["kotlin.reflect.jvm.internal.KClassImpl"],"use":true,"requiresIntegrations":false,"options":[]},{"name":"Disable Tumblr Live","description":"Disable the Tumblr Live tab button and dashboard carousel.","compatiblePackages":[{"name":"com.tumblr","versions":null}],"dependencies":["kotlin.reflect.jvm.internal.KClassImpl"],"use":true,"requiresIntegrations":false,"options":[]},{"name":"Remove root detection","description":"Removes the check for root permissions and unlocked bootloader.","compatiblePackages":[{"name":"at.gv.bka.serviceportal","versions":null}],"dependencies":["kotlin.reflect.jvm.internal.KClassImpl"],"use":true,"requiresIntegrations":false,"options":[]},{"name":"Remove badge tab","description":"Removes the badge tab from the activity tab.","compatiblePackages":[{"name":"com.sony.songpal.mdr","versions":null}],"dependencies":["kotlin.reflect.jvm.internal.KClassImpl"],"use":true,"requiresIntegrations":false,"options":[]},{"name":"Remove notification badge","description":"Removes the red notification badge from the activity tab.","compatiblePackages":[{"name":"com.sony.songpal.mdr","versions":null}],"dependencies":["kotlin.reflect.jvm.internal.KClassImpl"],"use":true,"requiresIntegrations":false,"options":[]},{"name":"Remove device restrictions","description":"Removes restrictions from using the app on any device. Requires mounting patched app over original.","compatiblePackages":[{"name":"com.google.android.apps.recorder","versions":null}],"dependencies":["kotlin.reflect.jvm.internal.KClassImpl"],"use":true,"requiresIntegrations":false,"options":[]},{"name":"Unlock pro","description":null,"compatiblePackages":[{"name":"com.awedea.nyx","versions":null}],"dependencies":["kotlin.reflect.jvm.internal.KClassImpl"],"use":true,"requiresIntegrations":false,"options":[]},{"name":"Unlock pro","description":"Unlocks pro features.","compatiblePackages":[{"name":"com.vsco.cam","versions":null}],"dependencies":["kotlin.reflect.jvm.internal.KClassImpl"],"use":true,"requiresIntegrations":false,"options":[]},{"name":"Spoof signature","description":"Spoofs the signature of the app.","compatiblePackages":[{"name":"at.gv.oe.app","versions":null}],"dependencies":["kotlin.reflect.jvm.internal.KClassImpl"],"use":true,"requiresIntegrations":false,"options":[]},{"name":"Remove root detection","description":"Removes the check for root permissions and unlocked bootloader.","compatiblePackages":[{"name":"at.gv.oe.app","versions":null}],"dependencies":["kotlin.reflect.jvm.internal.KClassImpl"],"use":true,"requiresIntegrations":false,"options":[]},{"name":"Unlock pro","description":null,"compatiblePackages":[{"name":"org.totschnig.myexpenses","versions":["3.4.9"]}],"dependencies":["kotlin.reflect.jvm.internal.KClassImpl"],"use":true,"requiresIntegrations":false,"options":[]},{"name":"Unlock pro","description":"Unlocks all pro features.","compatiblePackages":[{"name":"co.windyapp.android","versions":null}],"dependencies":["kotlin.reflect.jvm.internal.KClassImpl"],"use":true,"requiresIntegrations":false,"options":[]},{"name":"Unlock pro","description":null,"compatiblePackages":[{"name":"com.zombodroid.MemeGenerator","versions":["4.6364","4.6370","4.6375","4.6377"]}],"dependencies":["kotlin.reflect.jvm.internal.KClassImpl"],"use":true,"requiresIntegrations":false,"options":[]},{"name":"Hide ads","description":null,"compatiblePackages":[{"name":"jp.pxv.android","versions":null}],"dependencies":["kotlin.reflect.jvm.internal.KClassImpl"],"use":true,"requiresIntegrations":false,"options":[]},{"name":"Show on lockscreen","description":"Shows student id and student ticket on lockscreen.","compatiblePackages":[{"name":"de.tudortmund.app","versions":null}],"dependencies":["kotlin.reflect.jvm.internal.KClassImpl"],"use":true,"requiresIntegrations":true,"options":[]},{"name":"Remove debugging detection","description":"Removes the USB and wireless debugging checks.","compatiblePackages":[{"name":"com.scb.phone","versions":null}],"dependencies":["kotlin.reflect.jvm.internal.KClassImpl"],"use":false,"requiresIntegrations":false,"options":[]},{"name":"External downloads","description":"Adds support to download and save YouTube videos using an external app.","compatiblePackages":[{"name":"com.google.android.youtube","versions":["18.16.37","18.19.35","18.20.39","18.23.35","18.29.38","18.32.39","18.37.36"]}],"dependencies":["kotlin.reflect.jvm.internal.KClassImpl"],"use":true,"requiresIntegrations":false,"options":[]},{"name":"Copy video url","description":"Adds buttons in player to copy video links.","compatiblePackages":[{"name":"com.google.android.youtube","versions":["18.16.37","18.19.35","18.20.39","18.23.35","18.29.38","18.32.39","18.37.36"]}],"dependencies":["kotlin.reflect.jvm.internal.KClassImpl"],"use":true,"requiresIntegrations":false,"options":[]},{"name":"Seekbar tapping","description":"Enables tap-to-seek on the seekbar of the video player.","compatiblePackages":[{"name":"com.google.android.youtube","versions":["18.16.37","18.19.35","18.20.39","18.23.35","18.29.38","18.32.39","18.37.36"]}],"dependencies":["kotlin.reflect.jvm.internal.KClassImpl"],"use":true,"requiresIntegrations":false,"options":[]},{"name":"Swipe controls","description":"Adds volume and brightness swipe controls.","compatiblePackages":[{"name":"com.google.android.youtube","versions":["18.16.37","18.19.35","18.20.39","18.23.35","18.29.38","18.32.39","18.37.36"]}],"dependencies":["kotlin.reflect.jvm.internal.KClassImpl"],"use":true,"requiresIntegrations":false,"options":[]},{"name":"Hide ads","description":"Removes general ads.","compatiblePackages":[{"name":"com.google.android.youtube","versions":["18.16.37","18.19.35","18.20.39","18.23.35","18.29.38","18.32.39","18.37.36"]}],"dependencies":["kotlin.reflect.jvm.internal.KClassImpl"],"use":true,"requiresIntegrations":false,"options":[]},{"name":"Hide get premium","description":null,"compatiblePackages":[{"name":"com.google.android.youtube","versions":["18.16.37","18.19.35","18.20.39","18.23.35","18.29.38","18.32.39","18.37.36"]}],"dependencies":["kotlin.reflect.jvm.internal.KClassImpl"],"use":true,"requiresIntegrations":false,"options":[]},{"name":"Video ads","description":"Removes ads in the video player.","compatiblePackages":[{"name":"com.google.android.youtube","versions":["18.16.37","18.19.35","18.20.39","18.23.35","18.29.38","18.32.39","18.37.36"]}],"dependencies":["kotlin.reflect.jvm.internal.KClassImpl"],"use":true,"requiresIntegrations":false,"options":[]},{"name":"Old video quality menu","description":"Shows the old video quality with the advanced video quality options instead of the new one.","compatiblePackages":[{"name":"com.google.android.youtube","versions":["18.20.39","18.23.35","18.29.38","18.32.39","18.37.36"]}],"dependencies":["kotlin.reflect.jvm.internal.KClassImpl"],"use":true,"requiresIntegrations":false,"options":[]},{"name":"Playback speed","description":"Adds custom playback speeds and ability to remember the playback speed you chose in the video playback speed flyout.","compatiblePackages":[{"name":"com.google.android.youtube","versions":["18.20.39","18.23.35","18.29.38","18.32.39","18.37.36"]}],"dependencies":["kotlin.reflect.jvm.internal.KClassImpl"],"use":true,"requiresIntegrations":false,"options":[]},{"name":"HDR auto brightness","description":"Makes the brightness of HDR videos follow the system default.","compatiblePackages":[{"name":"com.google.android.youtube","versions":["18.16.37","18.19.35","18.20.39","18.23.35","18.29.38","18.32.39","18.37.36"]}],"dependencies":["kotlin.reflect.jvm.internal.KClassImpl"],"use":true,"requiresIntegrations":false,"options":[]},{"name":"Remember video quality","description":"Adds the ability to remember the video quality you chose in the video quality flyout.","compatiblePackages":[{"name":"com.google.android.youtube","versions":["18.19.35","18.20.39","18.23.35","18.29.38","18.32.39","18.37.36"]}],"dependencies":["kotlin.reflect.jvm.internal.KClassImpl"],"use":true,"requiresIntegrations":false,"options":[]},{"name":"Always autorepeat","description":"Always repeats the playing video again.","compatiblePackages":[{"name":"com.google.android.youtube","versions":["18.16.37","18.19.35","18.20.39","18.23.35","18.29.38","18.32.39","18.37.36"]}],"dependencies":["kotlin.reflect.jvm.internal.KClassImpl"],"use":true,"requiresIntegrations":false,"options":[]},{"name":"Vanced MicroG support","description":"Allows YouTube to run without root and under a different package name with Vanced MicroG.","compatiblePackages":[{"name":"com.google.android.youtube","versions":["18.16.37","18.19.35","18.20.39","18.23.35","18.29.38","18.32.39","18.37.36"]}],"dependencies":["kotlin.reflect.jvm.internal.KClassImpl"],"use":true,"requiresIntegrations":false,"options":[]},{"name":"Minimized playback","description":"Enables minimized and background playback.","compatiblePackages":[{"name":"com.google.android.youtube","versions":["18.16.37","18.19.35","18.20.39","18.23.35","18.29.38","18.32.39","18.37.36"]}],"dependencies":["kotlin.reflect.jvm.internal.KClassImpl"],"use":true,"requiresIntegrations":false,"options":[]},{"name":"Disable zoom haptics","description":"Disables haptics when zooming.","compatiblePackages":[{"name":"com.google.android.youtube","versions":null}],"dependencies":["kotlin.reflect.jvm.internal.KClassImpl"],"use":true,"requiresIntegrations":false,"options":[]},{"name":"Enable debugging","description":"Adds debugging options.","compatiblePackages":[{"name":"com.google.android.youtube","versions":null}],"dependencies":["kotlin.reflect.jvm.internal.KClassImpl"],"use":true,"requiresIntegrations":false,"options":[]},{"name":"Bypass URL redirects","description":"Bypass URL redirects and open the original URL directly.","compatiblePackages":[{"name":"com.google.android.youtube","versions":["18.16.37","18.19.35","18.20.39","18.23.35","18.29.38","18.32.39","18.37.36"]}],"dependencies":["kotlin.reflect.jvm.internal.KClassImpl"],"use":true,"requiresIntegrations":false,"options":[]},{"name":"Open links externally","description":"Open links outside of the app directly in your browser.","compatiblePackages":[{"name":"com.google.android.youtube","versions":["18.16.37","18.19.35","18.20.39","18.23.35","18.29.38","18.32.39","18.37.36"]}],"dependencies":["kotlin.reflect.jvm.internal.KClassImpl"],"use":true,"requiresIntegrations":false,"options":[]},{"name":"Client spoof","description":"Spoofs the client to allow playback.","compatiblePackages":[{"name":"com.google.android.youtube","versions":["18.16.37","18.19.35","18.20.39","18.23.35","18.29.38","18.32.39","18.37.36"]}],"dependencies":["kotlin.reflect.jvm.internal.KClassImpl"],"use":true,"requiresIntegrations":false,"options":[]},{"name":"Hide filter bar","description":"Hides the filter bar in video feeds.","compatiblePackages":[{"name":"com.google.android.youtube","versions":["18.16.37","18.19.35","18.20.39","18.23.35","18.29.38","18.32.39","18.37.36"]}],"dependencies":["kotlin.reflect.jvm.internal.KClassImpl"],"use":true,"requiresIntegrations":false,"options":[]},{"name":"Hide timestamp","description":"Hides timestamp in video player.","compatiblePackages":[{"name":"com.google.android.youtube","versions":["18.16.37","18.19.35","18.20.39","18.23.35","18.29.38","18.32.39","18.37.36"]}],"dependencies":["kotlin.reflect.jvm.internal.KClassImpl"],"use":true,"requiresIntegrations":false,"options":[]},{"name":"Hide \"Load more\" button","description":"Hides the button under videos that loads similar videos.","compatiblePackages":[{"name":"com.google.android.youtube","versions":["18.16.37","18.19.35","18.20.39","18.23.35","18.29.38","18.32.39","18.37.36"]}],"dependencies":["kotlin.reflect.jvm.internal.KClassImpl"],"use":true,"requiresIntegrations":false,"options":[]},{"name":"Hide layout components","description":"Hides general layout components.","compatiblePackages":[{"name":"com.google.android.youtube","versions":["18.32.39","18.37.36"]}],"dependencies":["kotlin.reflect.jvm.internal.KClassImpl"],"use":true,"requiresIntegrations":false,"options":[]},{"name":"Hide breaking news shelf","description":"Hides the breaking news shelf on the homepage tab.","compatiblePackages":[{"name":"com.google.android.youtube","versions":["18.16.37","18.19.35","18.20.39","18.23.35","18.29.38","18.32.39","18.37.36"]}],"dependencies":["kotlin.reflect.jvm.internal.KClassImpl"],"use":true,"requiresIntegrations":false,"options":[]},{"name":"Hide endscreen cards","description":"Hides the suggested video cards at the end of a video in fullscreen.","compatiblePackages":[{"name":"com.google.android.youtube","versions":["18.16.37","18.19.35","18.20.39","18.23.35","18.29.38","18.32.39","18.37.36"]}],"dependencies":["kotlin.reflect.jvm.internal.KClassImpl"],"use":true,"requiresIntegrations":false,"options":[]},{"name":"Hide floating microphone button","description":"Hides the floating microphone button which appears in search.","compatiblePackages":[{"name":"com.google.android.youtube","versions":["18.16.37","18.19.35","18.20.39","18.23.35","18.29.38","18.32.39","18.37.36"]}],"dependencies":["kotlin.reflect.jvm.internal.KClassImpl"],"use":true,"requiresIntegrations":false,"options":[]},{"name":"Hide watermark","description":"Hides creator\u0027s watermarks on videos.","compatiblePackages":[{"name":"com.google.android.youtube","versions":["18.16.37","18.19.35","18.20.39","18.23.35","18.29.38","18.32.39","18.37.36"]}],"dependencies":["kotlin.reflect.jvm.internal.KClassImpl"],"use":true,"requiresIntegrations":false,"options":[]},{"name":"Comments","description":"Hides components related to comments.","compatiblePackages":[{"name":"com.google.android.youtube","versions":["18.16.37","18.19.35","18.20.39","18.23.35","18.29.38","18.32.39","18.37.36"]}],"dependencies":["kotlin.reflect.jvm.internal.KClassImpl"],"use":true,"requiresIntegrations":false,"options":[]},{"name":"Hide album cards","description":"Hides the album cards below the artist description.","compatiblePackages":[{"name":"com.google.android.youtube","versions":["18.16.37","18.19.35","18.20.39","18.23.35","18.29.38","18.32.39","18.37.36"]}],"dependencies":["kotlin.reflect.jvm.internal.KClassImpl"],"use":true,"requiresIntegrations":false,"options":[]},{"name":"Hide email address","description":"Hides the email address in the account switcher.","compatiblePackages":[{"name":"com.google.android.youtube","versions":["18.16.37","18.19.35","18.20.39","18.23.35","18.29.38","18.32.39","18.37.36"]}],"dependencies":["kotlin.reflect.jvm.internal.KClassImpl"],"use":true,"requiresIntegrations":false,"options":[]},{"name":"Hide seekbar","description":"Hides the seekbar.","compatiblePackages":[{"name":"com.google.android.youtube","versions":["18.16.37","18.19.35","18.20.39","18.23.35","18.29.38","18.32.39","18.37.36"]}],"dependencies":["kotlin.reflect.jvm.internal.KClassImpl"],"use":true,"requiresIntegrations":false,"options":[]},{"name":"Hide Shorts components","description":"Hides components from YouTube Shorts.","compatiblePackages":[{"name":"com.google.android.youtube","versions":["18.16.37","18.19.35","18.20.39","18.23.35","18.29.38","18.32.39","18.37.36"]}],"dependencies":["kotlin.reflect.jvm.internal.KClassImpl"],"use":true,"requiresIntegrations":false,"options":[]},{"name":"Hide crowdfunding box","description":"Hides the crowdfunding box between the player and video description.","compatiblePackages":[{"name":"com.google.android.youtube","versions":["18.16.37","18.19.35","18.20.39","18.23.35","18.29.38","18.32.39","18.37.36"]}],"dependencies":["kotlin.reflect.jvm.internal.KClassImpl"],"use":true,"requiresIntegrations":false,"options":[]},{"name":"Hide info cards","description":"Hides info cards in videos.","compatiblePackages":[{"name":"com.google.android.youtube","versions":["18.16.37","18.19.35","18.20.39","18.23.35","18.29.38","18.32.39","18.37.36"]}],"dependencies":["kotlin.reflect.jvm.internal.KClassImpl"],"use":true,"requiresIntegrations":false,"options":[]},{"name":"Player flyout menu","description":"Hides player flyout menu items.","compatiblePackages":[{"name":"com.google.android.youtube","versions":["18.16.37","18.19.35","18.20.39","18.23.35","18.29.38","18.32.39","18.37.36"]}],"dependencies":["kotlin.reflect.jvm.internal.KClassImpl"],"use":true,"requiresIntegrations":false,"options":[]},{"name":"Hide captions button","description":"Hides the captions button on video player.","compatiblePackages":[{"name":"com.google.android.youtube","versions":["18.16.37","18.19.35","18.20.39","18.23.35","18.29.38","18.32.39","18.37.36"]}],"dependencies":["kotlin.reflect.jvm.internal.KClassImpl"],"use":true,"requiresIntegrations":false,"options":[]},{"name":"Hide autoplay button","description":"Hides the autoplay button in the video player.","compatiblePackages":[{"name":"com.google.android.youtube","versions":["18.16.37","18.19.35","18.20.39","18.23.35","18.29.38","18.32.39","18.37.36"]}],"dependencies":["kotlin.reflect.jvm.internal.KClassImpl"],"use":true,"requiresIntegrations":false,"options":[]},{"name":"Navigation buttons","description":"Adds options to hide or change navigation buttons.","compatiblePackages":[{"name":"com.google.android.youtube","versions":["18.16.37","18.19.35","18.20.39","18.23.35","18.29.38","18.32.39","18.37.36"]}],"dependencies":["kotlin.reflect.jvm.internal.KClassImpl"],"use":true,"requiresIntegrations":false,"options":[]},{"name":"Hide video action buttons","description":"Adds the options to hide action buttons under a video.","compatiblePackages":[{"name":"com.google.android.youtube","versions":["18.16.37","18.19.35","18.20.39","18.23.35","18.29.38","18.32.39","18.37.36"]}],"dependencies":["kotlin.reflect.jvm.internal.KClassImpl"],"use":true,"requiresIntegrations":false,"options":[]},{"name":"Hide cast button","description":"Hides the cast button in the video player.","compatiblePackages":[{"name":"com.google.android.youtube","versions":null}],"dependencies":["kotlin.reflect.jvm.internal.KClassImpl"],"use":true,"requiresIntegrations":false,"options":[]},{"name":"Hide player buttons","description":"Adds the option to hide video player previous and next buttons.","compatiblePackages":[{"name":"com.google.android.youtube","versions":["18.16.37","18.19.35","18.20.39","18.23.35","18.29.38","18.32.39","18.37.36"]}],"dependencies":["kotlin.reflect.jvm.internal.KClassImpl"],"use":true,"requiresIntegrations":false,"options":[]},{"name":"Disable auto captions","description":"Disable forced captions from being automatically enabled.","compatiblePackages":[{"name":"com.google.android.youtube","versions":["18.16.37","18.19.35","18.20.39","18.23.35","18.29.38","18.32.39","18.37.36"]}],"dependencies":["kotlin.reflect.jvm.internal.KClassImpl"],"use":true,"requiresIntegrations":false,"options":[]},{"name":"Wide searchbar","description":"Replaces the search icon with a wide search bar. This will hide the YouTube logo when active.","compatiblePackages":[{"name":"com.google.android.youtube","versions":["18.16.37","18.19.35","18.20.39","18.23.35","18.29.38","18.32.39","18.37.36"]}],"dependencies":["kotlin.reflect.jvm.internal.KClassImpl"],"use":true,"requiresIntegrations":false,"options":[]},{"name":"Enable tablet layout","description":"Spoofs the device form factor to a tablet which enables the tablet layout.","compatiblePackages":[{"name":"com.google.android.youtube","versions":null}],"dependencies":["kotlin.reflect.jvm.internal.KClassImpl"],"use":true,"requiresIntegrations":false,"options":[]},{"name":"Disable Shorts on startup","description":"Disables playing YouTube Shorts when launching YouTube.","compatiblePackages":[{"name":"com.google.android.youtube","versions":["18.16.37","18.19.35","18.20.39","18.23.35","18.29.38","18.32.39","18.37.36"]}],"dependencies":["kotlin.reflect.jvm.internal.KClassImpl"],"use":true,"requiresIntegrations":false,"options":[]},{"name":"Theme","description":"Applies a custom theme.","compatiblePackages":[{"name":"com.google.android.youtube","versions":null}],"dependencies":["kotlin.reflect.jvm.internal.KClassImpl"],"use":true,"requiresIntegrations":false,"options":[{"key":"darkThemeBackgroundColor","default":"@android:color/black","title":"Background color for the dark theme","description":"The background color of the dark theme. Can be a hex color or a resource reference.","required":false},{"key":"lightThemeBackgroundColor","default":"@android:color/white","title":"Background color for the light theme","description":"The background color of the light theme. Can be a hex color or a resource reference.","required":false}]},{"name":"Disable player popup panels","description":"Disables panels from appearing automatically when going into fullscreen (playlist or live chat).","compatiblePackages":[{"name":"com.google.android.youtube","versions":["18.16.37","18.19.35","18.20.39","18.23.35","18.29.38","18.32.39","18.37.36"]}],"dependencies":["kotlin.reflect.jvm.internal.KClassImpl"],"use":true,"requiresIntegrations":false,"options":[]},{"name":"SponsorBlock","description":"Integrates SponsorBlock which allows skipping video segments such as sponsored content.","compatiblePackages":[{"name":"com.google.android.youtube","versions":["18.16.37","18.19.35","18.20.39","18.23.35","18.29.38","18.32.39","18.37.36"]}],"dependencies":["kotlin.reflect.jvm.internal.KClassImpl"],"use":true,"requiresIntegrations":false,"options":[]},{"name":"Custom branding","description":"Changes the YouTube launcher icon and name to your choice (defaults to ReVanced).","compatiblePackages":[{"name":"com.google.android.youtube","versions":null}],"dependencies":["kotlin.reflect.jvm.internal.KClassImpl"],"use":false,"requiresIntegrations":false,"options":[{"key":"appName","default":"YouTube ReVanced","title":"Application Name","description":"The name of the application it will show on your home screen.","required":true},{"key":"iconPath","default":null,"title":"App Icon Path","description":"A path containing mipmap resource folders with icons.","required":false}]},{"name":"Premium heading","description":"Show or hide the premium heading.","compatiblePackages":[{"name":"com.google.android.youtube","versions":null}],"dependencies":["kotlin.reflect.jvm.internal.KClassImpl"],"use":true,"requiresIntegrations":false,"options":[{"key":"usePremiumHeading","default":true,"title":"Use premium heading","description":"Whether to use the premium heading.","required":true}]},{"name":"Return YouTube Dislike","description":"Shows the dislike count of videos using the Return YouTube Dislike API.","compatiblePackages":[{"name":"com.google.android.youtube","versions":["18.32.39"]}],"dependencies":["kotlin.reflect.jvm.internal.KClassImpl"],"use":true,"requiresIntegrations":false,"options":[]},{"name":"Tablet mini player","description":"Enables the tablet mini player layout.","compatiblePackages":[{"name":"com.google.android.youtube","versions":["18.16.37","18.19.35","18.20.39","18.23.35","18.29.38","18.32.39","18.37.36"]}],"dependencies":["kotlin.reflect.jvm.internal.KClassImpl"],"use":true,"requiresIntegrations":false,"options":[]},{"name":"Spoof app version","description":"Tricks YouTube into thinking you are running an older version of the app. One of the side effects also includes restoring the old UI.","compatiblePackages":[{"name":"com.google.android.youtube","versions":["18.16.37","18.19.35","18.20.39","18.23.35","18.29.38","18.32.39","18.37.36"]}],"dependencies":["kotlin.reflect.jvm.internal.KClassImpl"],"use":true,"requiresIntegrations":false,"options":[]},{"name":"Alternative thumbnails","description":"Adds options to replace video thumbnails with still image captures of the video.","compatiblePackages":[{"name":"com.google.android.youtube","versions":["18.20.39","18.23.35","18.29.38","18.32.39","18.37.36"]}],"dependencies":["kotlin.reflect.jvm.internal.KClassImpl"],"use":true,"requiresIntegrations":false,"options":[]},{"name":"Custom player overlay opacity","description":"Change the opacity of the player background, when player controls are visible.","compatiblePackages":[{"name":"com.google.android.youtube","versions":null}],"dependencies":["kotlin.reflect.jvm.internal.KClassImpl"],"use":true,"requiresIntegrations":false,"options":[]},{"name":"Remove player controls background","description":"Removes the background from the video player controls.","compatiblePackages":[{"name":"com.google.android.youtube","versions":["18.16.37","18.19.35","18.20.39","18.23.35","18.29.38","18.32.39","18.37.36"]}],"dependencies":["kotlin.reflect.jvm.internal.KClassImpl"],"use":false,"requiresIntegrations":false,"options":[]},{"name":"Export all activities","description":"Makes all app activities exportable.","compatiblePackages":null,"dependencies":["kotlin.reflect.jvm.internal.KClassImpl"],"use":false,"requiresIntegrations":false,"options":[]},{"name":"Remove screen capture restriction","description":"Removes the restriction of capturing audio from apps that normally wouldn\u0027t allow it.","compatiblePackages":null,"dependencies":["kotlin.reflect.jvm.internal.KClassImpl"],"use":false,"requiresIntegrations":true,"options":[]},{"name":"Remove screenshot restriction","description":"Removes the restriction of taking screenshots in apps that normally wouldn\u0027t allow it.","compatiblePackages":null,"dependencies":["kotlin.reflect.jvm.internal.KClassImpl"],"use":false,"requiresIntegrations":true,"options":[]},{"name":"Spoof Wi-Fi connection","description":"Spoofs an existing Wi-Fi connection.","compatiblePackages":null,"dependencies":["kotlin.reflect.jvm.internal.KClassImpl"],"use":false,"requiresIntegrations":true,"options":[]},{"name":"Predictive back gesture","description":"Enables the predictive back gesture introduced on Android 13.","compatiblePackages":null,"dependencies":["kotlin.reflect.jvm.internal.KClassImpl"],"use":false,"requiresIntegrations":false,"options":[]},{"name":"Override certificate pinning","description":"Overrides certificate pinning, allowing to inspect traffic via a proxy.","compatiblePackages":null,"dependencies":["kotlin.reflect.jvm.internal.KClassImpl"],"use":false,"requiresIntegrations":false,"options":[]},{"name":"Change package name","description":"Appends \".revanced\" to the package name by default.","compatiblePackages":null,"dependencies":["kotlin.reflect.jvm.internal.KClassImpl"],"use":false,"requiresIntegrations":false,"options":[{"key":"packageName","default":null,"title":"Package name","description":"The name of the package to rename the app to.","required":false}]},{"name":"Enable Android debugging","description":"Enables Android debugging capabilities. This can slow down the app.","compatiblePackages":null,"dependencies":["kotlin.reflect.jvm.internal.KClassImpl"],"use":false,"requiresIntegrations":false,"options":[]},{"name":"Disable ads","description":null,"compatiblePackages":[{"name":"com.laurencedawson.reddit_sync","versions":null}],"dependencies":["kotlin.reflect.jvm.internal.KClassImpl"],"use":true,"requiresIntegrations":false,"options":[]},{"name":"Disable Sync for Lemmy bottom sheet","description":"Disables the bottom sheet at the startup that asks you to signup to \"Sync for Lemmy\".","compatiblePackages":[{"name":"com.laurencedawson.reddit_sync","versions":["v23.06.30-13:39"]},{"name":"com.laurencedawson.reddit_sync.pro","versions":null},{"name":"com.laurencedawson.reddit_sync.dev","versions":null}],"dependencies":["kotlin.reflect.jvm.internal.KClassImpl"],"use":true,"requiresIntegrations":false,"options":[]},{"name":"Spoof client","description":"Restores functionality of the app by using custom client ID\u0027s.","compatiblePackages":[{"name":"com.laurencedawson.reddit_sync","versions":null},{"name":"com.laurencedawson.reddit_sync.pro","versions":null},{"name":"com.laurencedawson.reddit_sync.dev","versions":null}],"dependencies":["kotlin.reflect.jvm.internal.KClassImpl"],"use":true,"requiresIntegrations":false,"options":[{"key":"client-id","default":null,"title":"OAuth client ID","description":"The Reddit OAuth client ID. You can get your client ID from https://www.reddit.com/prefs/apps. The application type has to be \"Installed app\" and the redirect URI has to be set to \"http://redditsync/auth\".","required":true}]},{"name":"Spoof client","description":"Restores functionality of the app by using custom client ID\u0027s.","compatiblePackages":[{"name":"com.rubenmayayo.reddit","versions":null}],"dependencies":["kotlin.reflect.jvm.internal.KClassImpl"],"use":true,"requiresIntegrations":false,"options":[{"key":"client-id","default":null,"title":"OAuth client ID","description":"The Reddit OAuth client ID. You can get your client ID from https://www.reddit.com/prefs/apps. The application type has to be \"Installed app\" and the redirect URI has to be set to \"http://rubenmayayo.com\".","required":true}]},{"name":"Spoof client","description":"Restores functionality of the app by using custom client ID\u0027s.","compatiblePackages":[{"name":"ml.docilealligator.infinityforreddit","versions":["5.4.0","5.4.1","5.4.2","6.0.1","6.0.2","6.0.4","6.0.6","6.1.1"]}],"dependencies":["kotlin.reflect.jvm.internal.KClassImpl"],"use":true,"requiresIntegrations":false,"options":[{"key":"client-id","default":null,"title":"OAuth client ID","description":"The Reddit OAuth client ID. You can get your client ID from https://www.reddit.com/prefs/apps. The application type has to be \"Installed app\" and the redirect URI has to be set to \"infinity://localhost\".","required":true}]},{"name":"Spoof client","description":"Restores functionality of the app by using custom client ID\u0027s.","compatiblePackages":[{"name":"com.onelouder.baconreader","versions":null},{"name":"com.onelouder.baconreader.premium","versions":null}],"dependencies":["kotlin.reflect.jvm.internal.KClassImpl"],"use":true,"requiresIntegrations":false,"options":[{"key":"client-id","default":null,"title":"OAuth client ID","description":"The Reddit OAuth client ID. You can get your client ID from https://www.reddit.com/prefs/apps. The application type has to be \"Installed app\" and the redirect URI has to be set to \"http://baconreader.com/auth\".","required":true}]},{"name":"Spoof client","description":"Restores functionality of the app by using custom client ID\u0027s.","compatiblePackages":[{"name":"me.ccrama.redditslide","versions":null}],"dependencies":["kotlin.reflect.jvm.internal.KClassImpl"],"use":true,"requiresIntegrations":false,"options":[{"key":"client-id","default":null,"title":"OAuth client ID","description":"The Reddit OAuth client ID. You can get your client ID from https://www.reddit.com/prefs/apps. The application type has to be \"Installed app\" and the redirect URI has to be set to \"http://www.ccrama.me\".","required":true}]},{"name":"Disable ads","description":null,"compatiblePackages":[{"name":"o.o.joey","versions":null}],"dependencies":["kotlin.reflect.jvm.internal.KClassImpl"],"use":true,"requiresIntegrations":false,"options":[]},{"name":"Spoof client","description":"Restores functionality of the app by using custom client ID\u0027s.","compatiblePackages":[{"name":"o.o.joey","versions":null},{"name":"o.o.joey.pro","versions":null},{"name":"o.o.joey.dev","versions":null}],"dependencies":["kotlin.reflect.jvm.internal.KClassImpl"],"use":true,"requiresIntegrations":false,"options":[{"key":"client-id","default":null,"title":"OAuth client ID","description":"The Reddit OAuth client ID. You can get your client ID from https://www.reddit.com/prefs/apps. The application type has to be \"Installed app\" and the redirect URI has to be set to \"https://127.0.0.1:65023/authorize_callback\".","required":true}]},{"name":"Spoof client","description":"Restores functionality of the app by using custom client ID\u0027s.","compatiblePackages":[{"name":"free.reddit.news","versions":null},{"name":"reddit.news","versions":null}],"dependencies":["kotlin.reflect.jvm.internal.KClassImpl"],"use":true,"requiresIntegrations":false,"options":[{"key":"client-id","default":null,"title":"OAuth client ID","description":"The Reddit OAuth client ID. You can get your client ID from https://www.reddit.com/prefs/apps. The application type has to be \"Installed app\" and the redirect URI has to be set to \"dbrady://relay\".","required":true}]},{"name":"Spoof client","description":"Restores functionality of the app by using custom client ID\u0027s.","compatiblePackages":[{"name":"com.andrewshu.android.reddit","versions":null},{"name":"com.andrewshu.android.redditdonation","versions":null}],"dependencies":["kotlin.reflect.jvm.internal.KClassImpl"],"use":true,"requiresIntegrations":false,"options":[{"key":"client-id","default":null,"title":"OAuth client ID","description":"The Reddit OAuth client ID. You can get your client ID from https://www.reddit.com/prefs/apps. The application type has to be \"Installed app\" and the redirect URI has to be set to \"redditisfun://auth\".","required":true}]},{"name":"Hide ads","description":null,"compatiblePackages":[{"name":"com.reddit.frontpage","versions":null}],"dependencies":["kotlin.reflect.jvm.internal.KClassImpl"],"use":true,"requiresIntegrations":true,"options":[]},{"name":"Sanitize sharing links","description":"Removes (tracking) query parameters from the URLs when sharing links.","compatiblePackages":[{"name":"com.reddit.frontpage","versions":null}],"dependencies":["kotlin.reflect.jvm.internal.KClassImpl"],"use":true,"requiresIntegrations":false,"options":[]},{"name":"Disable screenshot popup","description":"Disables the popup that shows up when taking a screenshot.","compatiblePackages":[{"name":"com.reddit.frontpage","versions":null}],"dependencies":["kotlin.reflect.jvm.internal.KClassImpl"],"use":true,"requiresIntegrations":false,"options":[]},{"name":"Unlock premium Reddit icons","description":null,"compatiblePackages":[{"name":"com.reddit.frontpage","versions":null}],"dependencies":["kotlin.reflect.jvm.internal.KClassImpl"],"use":true,"requiresIntegrations":false,"options":[]},{"name":"Hide ads","description":"Hides ads.","compatiblePackages":[{"name":"com.twitter.android","versions":null}],"dependencies":["kotlin.reflect.jvm.internal.KClassImpl"],"use":true,"requiresIntegrations":false,"options":[]},{"name":"Hide recommended users","description":null,"compatiblePackages":[{"name":"com.twitter.android","versions":null}],"dependencies":["kotlin.reflect.jvm.internal.KClassImpl"],"use":true,"requiresIntegrations":false,"options":[]},{"name":"Dynamic color","description":"Replaces the default Twitter Blue with the user\u0027s Material You palette.","compatiblePackages":[{"name":"com.twitter.android","versions":null}],"dependencies":["kotlin.reflect.jvm.internal.KClassImpl"],"use":true,"requiresIntegrations":false,"options":[]},{"name":"Remove broadcasts restriction","description":"Enables starting/stopping NetGuard via broadcasts.","compatiblePackages":[{"name":"eu.faircode.netguard","versions":null}],"dependencies":["kotlin.reflect.jvm.internal.KClassImpl"],"use":false,"requiresIntegrations":false,"options":[]},{"name":"Unlock pro","description":null,"compatiblePackages":[{"name":"tv.trakt.trakt","versions":["1.1.1"]}],"dependencies":["kotlin.reflect.jvm.internal.KClassImpl"],"use":true,"requiresIntegrations":false,"options":[]},{"name":"Remove ads","description":null,"compatiblePackages":[{"name":"net.binarymode.android.irplus","versions":null}],"dependencies":["kotlin.reflect.jvm.internal.KClassImpl"],"use":true,"requiresIntegrations":false,"options":[]},{"name":"Hide timeline ads","description":"Removes ads from the timeline.","compatiblePackages":[{"name":"com.instagram.android","versions":["275.0.0.27.98"]}],"dependencies":["kotlin.reflect.jvm.internal.KClassImpl"],"use":true,"requiresIntegrations":false,"options":[]},{"name":"Hide ads","description":null,"compatiblePackages":[{"name":"com.nis.app","versions":null}],"dependencies":["kotlin.reflect.jvm.internal.KClassImpl"],"use":true,"requiresIntegrations":false,"options":[]},{"name":"Unlock pro","description":null,"compatiblePackages":[{"name":"com.wakdev.apps.nfctools.se","versions":null}],"dependencies":["kotlin.reflect.jvm.internal.KClassImpl"],"use":true,"requiresIntegrations":false,"options":[]}]